filename,fruit,quality,quality_original,split,source_path,split_path
apple_bad_090.png,apple,malo,bad,train,data\processed\balanced_raw\Bad Quality_Fruits\Apple_Bad\apple_bad_090.png,data\splits\train\malo\apple_bad_090.png
apple_bad_056.png,apple,malo,bad,train,data\processed\balanced_raw\Bad Quality_Fruits\Apple_Bad\apple_bad_056.png,data\splits\train\malo\apple_bad_056.png
apple_bad_124.png,apple,malo,bad,train,data\processed\balanced_raw\Bad Quality_Fruits\Apple_Bad\apple_bad_124.png,data\splits\train\malo\apple_bad_124.png
apple_bad_027.jpg,apple,malo,bad,train,data\processed\balanced_raw\Bad Quality_Fruits\Apple_Bad\apple_bad_027.jpg,data\splits\train\malo\apple_bad_027.jpg
apple_bad_043.png,apple,malo,bad,train,data\processed\balanced_raw\Bad Quality_Fruits\Apple_Bad\apple_bad_043.png,data\splits\train\malo\apple_bad_043.png
apple_bad_050.png,apple,malo,bad,train,data\processed\balanced_raw\Bad Quality_Fruits\Apple_Bad\apple_bad_050.png,data\splits\train\malo\apple_bad_050.png
apple_bad_131.png,apple,malo,bad,train,data\processed\balanced_raw\Bad Quality_Fruits\Apple_Bad\apple_bad_131.png,data\splits\train\malo\apple_bad_131.png
apple_bad_149.png,apple,malo,bad,train,data\processed\balanced_raw\Bad Quality_Fruits\Apple_Bad\apple_bad_149.png,data\splits\train\malo\apple_bad_149.png
apple_bad_076.png,apple,malo,bad,train,data\processed\balanced_raw\Bad Quality_Fruits\Apple_Bad\apple_bad_076.png,data\splits\train\malo\apple_bad_076.png
apple_bad_048.png,apple,malo,bad,train,data\processed\balanced_raw\Bad Quality_Fruits\Apple_Bad\apple_bad_048.png,data\splits\train\malo\apple_bad_048.png
apple_bad_023.jpg,apple,malo,bad,train,data\processed\balanced_raw\Bad Quality_Fruits\Apple_Bad\apple_bad_023.jpg,data\splits\train\malo\apple_bad_023.jpg
apple_bad_086.png,apple,malo,bad,train,data\processed\balanced_raw\Bad Quality_Fruits\Apple_Bad\apple_bad_086.png,data\splits\train\malo\apple_bad_086.png
apple_bad_070.png,apple,malo,bad,train,data\processed\balanced_raw\Bad Quality_Fruits\Apple_Bad\apple_bad_070.png,data\splits\train\malo\apple_bad_070.png
apple_bad_109.png,apple,malo,bad,train,data\processed\balanced_raw\Bad Quality_Fruits\Apple_Bad\apple_bad_109.png,data\splits\train\malo\apple_bad_109.png
apple_bad_069.png,apple,malo,bad,train,data\processed\balanced_raw\Bad Quality_Fruits\Apple_Bad\apple_bad_069.png,data\splits\train\malo\apple_bad_069.png
apple_bad_113.png,apple,malo,bad,train,data\processed\balanced_raw\Bad Quality_Fruits\Apple_Bad\apple_bad_113.png,data\splits\train\malo\apple_bad_113.png
apple_bad_010.jpg,apple,malo,bad,train,data\processed\balanced_raw\Bad Quality_Fruits\Apple_Bad\apple_bad_010.jpg,data\splits\train\malo\apple_bad_010.jpg
apple_bad_052.png,apple,malo,bad,train,data\processed\balanced_raw\Bad Quality_Fruits\Apple_Bad\apple_bad_052.png,data\splits\train\malo\apple_bad_052.png
apple_bad_115.png,apple,malo,bad,train,data\processed\balanced_raw\Bad Quality_Fruits\Apple_Bad\apple_bad_115.png,data\splits\train\malo\apple_bad_115.png
apple_bad_014.jpg,apple,malo,bad,train,data\processed\balanced_raw\Bad Quality_Fruits\Apple_Bad\apple_bad_014.jpg,data\splits\train\malo\apple_bad_014.jpg
apple_bad_067.png,apple,malo,bad,train,data\processed\balanced_raw\Bad Quality_Fruits\Apple_Bad\apple_bad_067.png,data\splits\train\malo\apple_bad_067.png
apple_bad_026.jpg,apple,malo,bad,train,data\processed\balanced_raw\Bad Quality_Fruits\Apple_Bad\apple_bad_026.jpg,data\splits\train\malo\apple_bad_026.jpg
apple_bad_150.png,apple,malo,bad,train,data\processed\balanced_raw\Bad Quality_Fruits\Apple_Bad\apple_bad_150.png,data\splits\train\malo\apple_bad_150.png
apple_bad_053.png,apple,malo,bad,train,data\processed\balanced_raw\Bad Quality_Fruits\Apple_Bad\apple_bad_053.png,data\splits\train\malo\apple_bad_053.png
apple_bad_099.png,apple,malo,bad,train,data\processed\balanced_raw\Bad Quality_Fruits\Apple_Bad\apple_bad_099.png,data\splits\train\malo\apple_bad_099.png
apple_bad_057.png,apple,malo,bad,train,data\processed\balanced_raw\Bad Quality_Fruits\Apple_Bad\apple_bad_057.png,data\splits\train\malo\apple_bad_057.png
apple_bad_003.jpg,apple,malo,bad,train,data\processed\balanced_raw\Bad Quality_Fruits\Apple_Bad\apple_bad_003.jpg,data\splits\train\malo\apple_bad_003.jpg
apple_bad_106.png,apple,malo,bad,train,data\processed\balanced_raw\Bad Quality_Fruits\Apple_Bad\apple_bad_106.png,data\splits\train\malo\apple_bad_106.png
apple_bad_060.png,apple,malo,bad,train,data\processed\balanced_raw\Bad Quality_Fruits\Apple_Bad\apple_bad_060.png,data\splits\train\malo\apple_bad_060.png
apple_bad_118.png,apple,malo,bad,train,data\processed\balanced_raw\Bad Quality_Fruits\Apple_Bad\apple_bad_118.png,data\splits\train\malo\apple_bad_118.png
apple_bad_046.png,apple,malo,bad,train,data\processed\balanced_raw\Bad Quality_Fruits\Apple_Bad\apple_bad_046.png,data\splits\train\malo\apple_bad_046.png
apple_bad_066.png,apple,malo,bad,train,data\processed\balanced_raw\Bad Quality_Fruits\Apple_Bad\apple_bad_066.png,data\splits\train\malo\apple_bad_066.png
apple_bad_096.png,apple,malo,bad,train,data\processed\balanced_raw\Bad Quality_Fruits\Apple_Bad\apple_bad_096.png,data\splits\train\malo\apple_bad_096.png
apple_bad_062.png,apple,malo,bad,train,data\processed\balanced_raw\Bad Quality_Fruits\Apple_Bad\apple_bad_062.png,data\splits\train\malo\apple_bad_062.png
apple_bad_112.png,apple,malo,bad,train,data\processed\balanced_raw\Bad Quality_Fruits\Apple_Bad\apple_bad_112.png,data\splits\train\malo\apple_bad_112.png
apple_bad_029.jpg,apple,malo,bad,train,data\processed\balanced_raw\Bad Quality_Fruits\Apple_Bad\apple_bad_029.jpg,data\splits\train\malo\apple_bad_029.jpg
apple_bad_083.png,apple,malo,bad,train,data\processed\balanced_raw\Bad Quality_Fruits\Apple_Bad\apple_bad_083.png,data\splits\train\malo\apple_bad_083.png
apple_bad_103.png,apple,malo,bad,train,data\processed\balanced_raw\Bad Quality_Fruits\Apple_Bad\apple_bad_103.png,data\splits\train\malo\apple_bad_103.png
apple_bad_074.png,apple,malo,bad,train,data\processed\balanced_raw\Bad Quality_Fruits\Apple_Bad\apple_bad_074.png,data\splits\train\malo\apple_bad_074.png
apple_bad_120.png,apple,malo,bad,train,data\processed\balanced_raw\Bad Quality_Fruits\Apple_Bad\apple_bad_120.png,data\splits\train\malo\apple_bad_120.png
apple_bad_031.jpg,apple,malo,bad,train,data\processed\balanced_raw\Bad Quality_Fruits\Apple_Bad\apple_bad_031.jpg,data\splits\train\malo\apple_bad_031.jpg
apple_bad_110.png,apple,malo,bad,train,data\processed\balanced_raw\Bad Quality_Fruits\Apple_Bad\apple_bad_110.png,data\splits\train\malo\apple_bad_110.png
apple_bad_144.png,apple,malo,bad,val,data\processed\balanced_raw\Bad Quality_Fruits\Apple_Bad\apple_bad_144.png,data\splits\val\malo\apple_bad_144.png
apple_bad_008.jpg,apple,malo,bad,val,data\processed\balanced_raw\Bad Quality_Fruits\Apple_Bad\apple_bad_008.jpg,data\splits\val\malo\apple_bad_008.jpg
apple_bad_064.png,apple,malo,bad,val,data\processed\balanced_raw\Bad Quality_Fruits\Apple_Bad\apple_bad_064.png,data\splits\val\malo\apple_bad_064.png
apple_bad_087.png,apple,malo,bad,val,data\processed\balanced_raw\Bad Quality_Fruits\Apple_Bad\apple_bad_087.png,data\splits\val\malo\apple_bad_087.png
apple_bad_015.jpg,apple,malo,bad,val,data\processed\balanced_raw\Bad Quality_Fruits\Apple_Bad\apple_bad_015.jpg,data\splits\val\malo\apple_bad_015.jpg
apple_bad_077.png,apple,malo,bad,val,data\processed\balanced_raw\Bad Quality_Fruits\Apple_Bad\apple_bad_077.png,data\splits\val\malo\apple_bad_077.png
apple_bad_116.png,apple,malo,bad,val,data\processed\balanced_raw\Bad Quality_Fruits\Apple_Bad\apple_bad_116.png,data\splits\val\malo\apple_bad_116.png
apple_bad_105.png,apple,malo,bad,val,data\processed\balanced_raw\Bad Quality_Fruits\Apple_Bad\apple_bad_105.png,data\splits\val\malo\apple_bad_105.png
apple_bad_016.jpg,apple,malo,bad,val,data\processed\balanced_raw\Bad Quality_Fruits\Apple_Bad\apple_bad_016.jpg,data\splits\val\malo\apple_bad_016.jpg
apple_bad_135.png,apple,malo,bad,test,data\processed\balanced_raw\Bad Quality_Fruits\Apple_Bad\apple_bad_135.png,data\splits\test\malo\apple_bad_135.png
apple_bad_020.jpg,apple,malo,bad,test,data\processed\balanced_raw\Bad Quality_Fruits\Apple_Bad\apple_bad_020.jpg,data\splits\test\malo\apple_bad_020.jpg
apple_bad_037.png,apple,malo,bad,test,data\processed\balanced_raw\Bad Quality_Fruits\Apple_Bad\apple_bad_037.png,data\splits\test\malo\apple_bad_037.png
apple_bad_040.png,apple,malo,bad,test,data\processed\balanced_raw\Bad Quality_Fruits\Apple_Bad\apple_bad_040.png,data\splits\test\malo\apple_bad_040.png
apple_bad_044.png,apple,malo,bad,test,data\processed\balanced_raw\Bad Quality_Fruits\Apple_Bad\apple_bad_044.png,data\splits\test\malo\apple_bad_044.png
apple_bad_111.png,apple,malo,bad,test,data\processed\balanced_raw\Bad Quality_Fruits\Apple_Bad\apple_bad_111.png,data\splits\test\malo\apple_bad_111.png
apple_bad_005.jpg,apple,malo,bad,test,data\processed\balanced_raw\Bad Quality_Fruits\Apple_Bad\apple_bad_005.jpg,data\splits\test\malo\apple_bad_005.jpg
apple_bad_019.jpg,apple,malo,bad,test,data\processed\balanced_raw\Bad Quality_Fruits\Apple_Bad\apple_bad_019.jpg,data\splits\test\malo\apple_bad_019.jpg
apple_bad_098.png,apple,malo,bad,test,data\processed\balanced_raw\Bad Quality_Fruits\Apple_Bad\apple_bad_098.png,data\splits\test\malo\apple_bad_098.png
banana_bad_385.jpg,banana,malo,bad,train,data\processed\balanced_raw\Bad Quality_Fruits\Banana_Bad\banana_bad_385.jpg,data\splits\train\malo\banana_bad_385.jpg
banana_bad_373.jpg,banana,malo,bad,train,data\processed\balanced_raw\Bad Quality_Fruits\Banana_Bad\banana_bad_373.jpg,data\splits\train\malo\banana_bad_373.jpg
banana_bad_015.jpg,banana,malo,bad,train,data\processed\balanced_raw\Bad Quality_Fruits\Banana_Bad\banana_bad_015.jpg,data\splits\train\malo\banana_bad_015.jpg
banana_bad_563.jpg,banana,malo,bad,train,data\processed\balanced_raw\Bad Quality_Fruits\Banana_Bad\banana_bad_563.jpg,data\splits\train\malo\banana_bad_563.jpg
banana_bad_678.jpg,banana,malo,bad,train,data\processed\balanced_raw\Bad Quality_Fruits\Banana_Bad\banana_bad_678.jpg,data\splits\train\malo\banana_bad_678.jpg
banana_bad_177.jpg,banana,malo,bad,train,data\processed\balanced_raw\Bad Quality_Fruits\Banana_Bad\banana_bad_177.jpg,data\splits\train\malo\banana_bad_177.jpg
banana_bad_561.jpg,banana,malo,bad,train,data\processed\balanced_raw\Bad Quality_Fruits\Banana_Bad\banana_bad_561.jpg,data\splits\train\malo\banana_bad_561.jpg
banana_bad_523.jpg,banana,malo,bad,train,data\processed\balanced_raw\Bad Quality_Fruits\Banana_Bad\banana_bad_523.jpg,data\splits\train\malo\banana_bad_523.jpg
banana_bad_222.jpg,banana,malo,bad,train,data\processed\balanced_raw\Bad Quality_Fruits\Banana_Bad\banana_bad_222.jpg,data\splits\train\malo\banana_bad_222.jpg
banana_bad_398.jpg,banana,malo,bad,train,data\processed\balanced_raw\Bad Quality_Fruits\Banana_Bad\banana_bad_398.jpg,data\splits\train\malo\banana_bad_398.jpg
banana_bad_371.jpg,banana,malo,bad,train,data\processed\balanced_raw\Bad Quality_Fruits\Banana_Bad\banana_bad_371.jpg,data\splits\train\malo\banana_bad_371.jpg
banana_bad_122.jpg,banana,malo,bad,train,data\processed\balanced_raw\Bad Quality_Fruits\Banana_Bad\banana_bad_122.jpg,data\splits\train\malo\banana_bad_122.jpg
banana_bad_102.jpg,banana,malo,bad,train,data\processed\balanced_raw\Bad Quality_Fruits\Banana_Bad\banana_bad_102.jpg,data\splits\train\malo\banana_bad_102.jpg
banana_bad_039.jpg,banana,malo,bad,train,data\processed\balanced_raw\Bad Quality_Fruits\Banana_Bad\banana_bad_039.jpg,data\splits\train\malo\banana_bad_039.jpg
banana_bad_541.jpg,banana,malo,bad,train,data\processed\balanced_raw\Bad Quality_Fruits\Banana_Bad\banana_bad_541.jpg,data\splits\train\malo\banana_bad_541.jpg
banana_bad_345.jpg,banana,malo,bad,train,data\processed\balanced_raw\Bad Quality_Fruits\Banana_Bad\banana_bad_345.jpg,data\splits\train\malo\banana_bad_345.jpg
banana_bad_348.jpg,banana,malo,bad,train,data\processed\balanced_raw\Bad Quality_Fruits\Banana_Bad\banana_bad_348.jpg,data\splits\train\malo\banana_bad_348.jpg
banana_bad_328.jpg,banana,malo,bad,train,data\processed\balanced_raw\Bad Quality_Fruits\Banana_Bad\banana_bad_328.jpg,data\splits\train\malo\banana_bad_328.jpg
banana_bad_338.jpg,banana,malo,bad,train,data\processed\balanced_raw\Bad Quality_Fruits\Banana_Bad\banana_bad_338.jpg,data\splits\train\malo\banana_bad_338.jpg
banana_bad_431.jpg,banana,malo,bad,train,data\processed\balanced_raw\Bad Quality_Fruits\Banana_Bad\banana_bad_431.jpg,data\splits\train\malo\banana_bad_431.jpg
banana_bad_016.jpg,banana,malo,bad,train,data\processed\balanced_raw\Bad Quality_Fruits\Banana_Bad\banana_bad_016.jpg,data\splits\train\malo\banana_bad_016.jpg
banana_bad_378.jpg,banana,malo,bad,train,data\processed\balanced_raw\Bad Quality_Fruits\Banana_Bad\banana_bad_378.jpg,data\splits\train\malo\banana_bad_378.jpg
banana_bad_290.jpg,banana,malo,bad,train,data\processed\balanced_raw\Bad Quality_Fruits\Banana_Bad\banana_bad_290.jpg,data\splits\train\malo\banana_bad_290.jpg
banana_bad_086.jpg,banana,malo,bad,train,data\processed\balanced_raw\Bad Quality_Fruits\Banana_Bad\banana_bad_086.jpg,data\splits\train\malo\banana_bad_086.jpg
banana_bad_386.jpg,banana,malo,bad,train,data\processed\balanced_raw\Bad Quality_Fruits\Banana_Bad\banana_bad_386.jpg,data\splits\train\malo\banana_bad_386.jpg
banana_bad_679.jpg,banana,malo,bad,train,data\processed\balanced_raw\Bad Quality_Fruits\Banana_Bad\banana_bad_679.jpg,data\splits\train\malo\banana_bad_679.jpg
banana_bad_279.jpg,banana,malo,bad,train,data\processed\balanced_raw\Bad Quality_Fruits\Banana_Bad\banana_bad_279.jpg,data\splits\train\malo\banana_bad_279.jpg
banana_bad_096.jpg,banana,malo,bad,train,data\processed\balanced_raw\Bad Quality_Fruits\Banana_Bad\banana_bad_096.jpg,data\splits\train\malo\banana_bad_096.jpg
banana_bad_583.jpg,banana,malo,bad,train,data\processed\balanced_raw\Bad Quality_Fruits\Banana_Bad\banana_bad_583.jpg,data\splits\train\malo\banana_bad_583.jpg
banana_bad_529.jpg,banana,malo,bad,train,data\processed\balanced_raw\Bad Quality_Fruits\Banana_Bad\banana_bad_529.jpg,data\splits\train\malo\banana_bad_529.jpg
banana_bad_579.jpg,banana,malo,bad,train,data\processed\balanced_raw\Bad Quality_Fruits\Banana_Bad\banana_bad_579.jpg,data\splits\train\malo\banana_bad_579.jpg
banana_bad_168.jpg,banana,malo,bad,train,data\processed\balanced_raw\Bad Quality_Fruits\Banana_Bad\banana_bad_168.jpg,data\splits\train\malo\banana_bad_168.jpg
banana_bad_445.jpg,banana,malo,bad,train,data\processed\balanced_raw\Bad Quality_Fruits\Banana_Bad\banana_bad_445.jpg,data\splits\train\malo\banana_bad_445.jpg
banana_bad_566.jpg,banana,malo,bad,train,data\processed\balanced_raw\Bad Quality_Fruits\Banana_Bad\banana_bad_566.jpg,data\splits\train\malo\banana_bad_566.jpg
banana_bad_512.jpg,banana,malo,bad,train,data\processed\balanced_raw\Bad Quality_Fruits\Banana_Bad\banana_bad_512.jpg,data\splits\train\malo\banana_bad_512.jpg
banana_bad_125.jpg,banana,malo,bad,train,data\processed\balanced_raw\Bad Quality_Fruits\Banana_Bad\banana_bad_125.jpg,data\splits\train\malo\banana_bad_125.jpg
banana_bad_298.jpg,banana,malo,bad,train,data\processed\balanced_raw\Bad Quality_Fruits\Banana_Bad\banana_bad_298.jpg,data\splits\train\malo\banana_bad_298.jpg
banana_bad_639.jpg,banana,malo,bad,train,data\processed\balanced_raw\Bad Quality_Fruits\Banana_Bad\banana_bad_639.jpg,data\splits\train\malo\banana_bad_639.jpg
banana_bad_108.jpg,banana,malo,bad,train,data\processed\balanced_raw\Bad Quality_Fruits\Banana_Bad\banana_bad_108.jpg,data\splits\train\malo\banana_bad_108.jpg
banana_bad_604.jpg,banana,malo,bad,train,data\processed\balanced_raw\Bad Quality_Fruits\Banana_Bad\banana_bad_604.jpg,data\splits\train\malo\banana_bad_604.jpg
banana_bad_363.jpg,banana,malo,bad,train,data\processed\balanced_raw\Bad Quality_Fruits\Banana_Bad\banana_bad_363.jpg,data\splits\train\malo\banana_bad_363.jpg
banana_bad_186.jpg,banana,malo,bad,train,data\processed\balanced_raw\Bad Quality_Fruits\Banana_Bad\banana_bad_186.jpg,data\splits\train\malo\banana_bad_186.jpg
banana_bad_324.jpg,banana,malo,bad,val,data\processed\balanced_raw\Bad Quality_Fruits\Banana_Bad\banana_bad_324.jpg,data\splits\val\malo\banana_bad_324.jpg
banana_bad_066.jpg,banana,malo,bad,val,data\processed\balanced_raw\Bad Quality_Fruits\Banana_Bad\banana_bad_066.jpg,data\splits\val\malo\banana_bad_066.jpg
banana_bad_558.jpg,banana,malo,bad,val,data\processed\balanced_raw\Bad Quality_Fruits\Banana_Bad\banana_bad_558.jpg,data\splits\val\malo\banana_bad_558.jpg
banana_bad_044.jpg,banana,malo,bad,val,data\processed\balanced_raw\Bad Quality_Fruits\Banana_Bad\banana_bad_044.jpg,data\splits\val\malo\banana_bad_044.jpg
banana_bad_220.jpg,banana,malo,bad,val,data\processed\balanced_raw\Bad Quality_Fruits\Banana_Bad\banana_bad_220.jpg,data\splits\val\malo\banana_bad_220.jpg
banana_bad_151.jpg,banana,malo,bad,val,data\processed\balanced_raw\Bad Quality_Fruits\Banana_Bad\banana_bad_151.jpg,data\splits\val\malo\banana_bad_151.jpg
banana_bad_513.jpg,banana,malo,bad,val,data\processed\balanced_raw\Bad Quality_Fruits\Banana_Bad\banana_bad_513.jpg,data\splits\val\malo\banana_bad_513.jpg
banana_bad_032.jpg,banana,malo,bad,val,data\processed\balanced_raw\Bad Quality_Fruits\Banana_Bad\banana_bad_032.jpg,data\splits\val\malo\banana_bad_032.jpg
banana_bad_041.jpg,banana,malo,bad,val,data\processed\balanced_raw\Bad Quality_Fruits\Banana_Bad\banana_bad_041.jpg,data\splits\val\malo\banana_bad_041.jpg
banana_bad_540.jpg,banana,malo,bad,test,data\processed\balanced_raw\Bad Quality_Fruits\Banana_Bad\banana_bad_540.jpg,data\splits\test\malo\banana_bad_540.jpg
banana_bad_124.jpg,banana,malo,bad,test,data\processed\balanced_raw\Bad Quality_Fruits\Banana_Bad\banana_bad_124.jpg,data\splits\test\malo\banana_bad_124.jpg
banana_bad_422.jpg,banana,malo,bad,test,data\processed\balanced_raw\Bad Quality_Fruits\Banana_Bad\banana_bad_422.jpg,data\splits\test\malo\banana_bad_422.jpg
banana_bad_309.jpg,banana,malo,bad,test,data\processed\balanced_raw\Bad Quality_Fruits\Banana_Bad\banana_bad_309.jpg,data\splits\test\malo\banana_bad_309.jpg
banana_bad_607.jpg,banana,malo,bad,test,data\processed\balanced_raw\Bad Quality_Fruits\Banana_Bad\banana_bad_607.jpg,data\splits\test\malo\banana_bad_607.jpg
banana_bad_633.jpg,banana,malo,bad,test,data\processed\balanced_raw\Bad Quality_Fruits\Banana_Bad\banana_bad_633.jpg,data\splits\test\malo\banana_bad_633.jpg
banana_bad_450.jpg,banana,malo,bad,test,data\processed\balanced_raw\Bad Quality_Fruits\Banana_Bad\banana_bad_450.jpg,data\splits\test\malo\banana_bad_450.jpg
banana_bad_452.jpg,banana,malo,bad,test,data\processed\balanced_raw\Bad Quality_Fruits\Banana_Bad\banana_bad_452.jpg,data\splits\test\malo\banana_bad_452.jpg
banana_bad_594.jpg,banana,malo,bad,test,data\processed\balanced_raw\Bad Quality_Fruits\Banana_Bad\banana_bad_594.jpg,data\splits\test\malo\banana_bad_594.jpg
guava_bad_105.jpg,guava,malo,bad,train,data\processed\balanced_raw\Bad Quality_Fruits\Guava_Bad\guava_bad_105.jpg,data\splits\train\malo\guava_bad_105.jpg
guava_bad_132.jpg,guava,malo,bad,train,data\processed\balanced_raw\Bad Quality_Fruits\Guava_Bad\guava_bad_132.jpg,data\splits\train\malo\guava_bad_132.jpg
guava_bad_050.jpg,guava,malo,bad,train,data\processed\balanced_raw\Bad Quality_Fruits\Guava_Bad\guava_bad_050.jpg,data\splits\train\malo\guava_bad_050.jpg
guava_bad_125.jpg,guava,malo,bad,train,data\processed\balanced_raw\Bad Quality_Fruits\Guava_Bad\guava_bad_125.jpg,data\splits\train\malo\guava_bad_125.jpg
guava_bad_022.jpg,guava,malo,bad,train,data\processed\balanced_raw\Bad Quality_Fruits\Guava_Bad\guava_bad_022.jpg,data\splits\train\malo\guava_bad_022.jpg
guava_bad_052.jpg,guava,malo,bad,train,data\processed\balanced_raw\Bad Quality_Fruits\Guava_Bad\guava_bad_052.jpg,data\splits\train\malo\guava_bad_052.jpg
guava_bad_058.jpg,guava,malo,bad,train,data\processed\balanced_raw\Bad Quality_Fruits\Guava_Bad\guava_bad_058.jpg,data\splits\train\malo\guava_bad_058.jpg
guava_bad_091.jpg,guava,malo,bad,train,data\processed\balanced_raw\Bad Quality_Fruits\Guava_Bad\guava_bad_091.jpg,data\splits\train\malo\guava_bad_091.jpg
guava_bad_033.jpg,guava,malo,bad,train,data\processed\balanced_raw\Bad Quality_Fruits\Guava_Bad\guava_bad_033.jpg,data\splits\train\malo\guava_bad_033.jpg
guava_bad_122.jpg,guava,malo,bad,train,data\processed\balanced_raw\Bad Quality_Fruits\Guava_Bad\guava_bad_122.jpg,data\splits\train\malo\guava_bad_122.jpg
guava_bad_007.jpg,guava,malo,bad,train,data\processed\balanced_raw\Bad Quality_Fruits\Guava_Bad\guava_bad_007.jpg,data\splits\train\malo\guava_bad_007.jpg
guava_bad_064.jpg,guava,malo,bad,train,data\processed\balanced_raw\Bad Quality_Fruits\Guava_Bad\guava_bad_064.jpg,data\splits\train\malo\guava_bad_064.jpg
guava_bad_011.jpg,guava,malo,bad,train,data\processed\balanced_raw\Bad Quality_Fruits\Guava_Bad\guava_bad_011.jpg,data\splits\train\malo\guava_bad_011.jpg
guava_bad_035.jpg,guava,malo,bad,train,data\processed\balanced_raw\Bad Quality_Fruits\Guava_Bad\guava_bad_035.jpg,data\splits\train\malo\guava_bad_035.jpg
guava_bad_041.jpg,guava,malo,bad,train,data\processed\balanced_raw\Bad Quality_Fruits\Guava_Bad\guava_bad_041.jpg,data\splits\train\malo\guava_bad_041.jpg
guava_bad_121.jpg,guava,malo,bad,train,data\processed\balanced_raw\Bad Quality_Fruits\Guava_Bad\guava_bad_121.jpg,data\splits\train\malo\guava_bad_121.jpg
guava_bad_109.jpg,guava,malo,bad,train,data\processed\balanced_raw\Bad Quality_Fruits\Guava_Bad\guava_bad_109.jpg,data\splits\train\malo\guava_bad_109.jpg
guava_bad_119.jpg,guava,malo,bad,train,data\processed\balanced_raw\Bad Quality_Fruits\Guava_Bad\guava_bad_119.jpg,data\splits\train\malo\guava_bad_119.jpg
guava_bad_108.jpg,guava,malo,bad,train,data\processed\balanced_raw\Bad Quality_Fruits\Guava_Bad\guava_bad_108.jpg,data\splits\train\malo\guava_bad_108.jpg
guava_bad_037.jpg,guava,malo,bad,train,data\processed\balanced_raw\Bad Quality_Fruits\Guava_Bad\guava_bad_037.jpg,data\splits\train\malo\guava_bad_037.jpg
guava_bad_097.jpg,guava,malo,bad,train,data\processed\balanced_raw\Bad Quality_Fruits\Guava_Bad\guava_bad_097.jpg,data\splits\train\malo\guava_bad_097.jpg
guava_bad_069.jpg,guava,malo,bad,train,data\processed\balanced_raw\Bad Quality_Fruits\Guava_Bad\guava_bad_069.jpg,data\splits\train\malo\guava_bad_069.jpg
guava_bad_095.jpg,guava,malo,bad,train,data\processed\balanced_raw\Bad Quality_Fruits\Guava_Bad\guava_bad_095.jpg,data\splits\train\malo\guava_bad_095.jpg
guava_bad_053.jpg,guava,malo,bad,train,data\processed\balanced_raw\Bad Quality_Fruits\Guava_Bad\guava_bad_053.jpg,data\splits\train\malo\guava_bad_053.jpg
guava_bad_113.jpg,guava,malo,bad,train,data\processed\balanced_raw\Bad Quality_Fruits\Guava_Bad\guava_bad_113.jpg,data\splits\train\malo\guava_bad_113.jpg
guava_bad_133.jpg,guava,malo,bad,train,data\processed\balanced_raw\Bad Quality_Fruits\Guava_Bad\guava_bad_133.jpg,data\splits\train\malo\guava_bad_133.jpg
guava_bad_048.jpg,guava,malo,bad,train,data\processed\balanced_raw\Bad Quality_Fruits\Guava_Bad\guava_bad_048.jpg,data\splits\train\malo\guava_bad_048.jpg
guava_bad_074.jpg,guava,malo,bad,train,data\processed\balanced_raw\Bad Quality_Fruits\Guava_Bad\guava_bad_074.jpg,data\splits\train\malo\guava_bad_074.jpg
guava_bad_106.jpg,guava,malo,bad,train,data\processed\balanced_raw\Bad Quality_Fruits\Guava_Bad\guava_bad_106.jpg,data\splits\train\malo\guava_bad_106.jpg
guava_bad_120.jpg,guava,malo,bad,train,data\processed\balanced_raw\Bad Quality_Fruits\Guava_Bad\guava_bad_120.jpg,data\splits\train\malo\guava_bad_120.jpg
guava_bad_054.jpg,guava,malo,bad,train,data\processed\balanced_raw\Bad Quality_Fruits\Guava_Bad\guava_bad_054.jpg,data\splits\train\malo\guava_bad_054.jpg
guava_bad_001.jpg,guava,malo,bad,train,data\processed\balanced_raw\Bad Quality_Fruits\Guava_Bad\guava_bad_001.jpg,data\splits\train\malo\guava_bad_001.jpg
guava_bad_127.jpg,guava,malo,bad,train,data\processed\balanced_raw\Bad Quality_Fruits\Guava_Bad\guava_bad_127.jpg,data\splits\train\malo\guava_bad_127.jpg
guava_bad_078.jpg,guava,malo,bad,train,data\processed\balanced_raw\Bad Quality_Fruits\Guava_Bad\guava_bad_078.jpg,data\splits\train\malo\guava_bad_078.jpg
guava_bad_070.jpg,guava,malo,bad,train,data\processed\balanced_raw\Bad Quality_Fruits\Guava_Bad\guava_bad_070.jpg,data\splits\train\malo\guava_bad_070.jpg
guava_bad_086.jpg,guava,malo,bad,train,data\processed\balanced_raw\Bad Quality_Fruits\Guava_Bad\guava_bad_086.jpg,data\splits\train\malo\guava_bad_086.jpg
guava_bad_062.jpg,guava,malo,bad,train,data\processed\balanced_raw\Bad Quality_Fruits\Guava_Bad\guava_bad_062.jpg,data\splits\train\malo\guava_bad_062.jpg
guava_bad_018.jpg,guava,malo,bad,train,data\processed\balanced_raw\Bad Quality_Fruits\Guava_Bad\guava_bad_018.jpg,data\splits\train\malo\guava_bad_018.jpg
guava_bad_090.jpg,guava,malo,bad,train,data\processed\balanced_raw\Bad Quality_Fruits\Guava_Bad\guava_bad_090.jpg,data\splits\train\malo\guava_bad_090.jpg
guava_bad_123.jpg,guava,malo,bad,train,data\processed\balanced_raw\Bad Quality_Fruits\Guava_Bad\guava_bad_123.jpg,data\splits\train\malo\guava_bad_123.jpg
guava_bad_032.jpg,guava,malo,bad,train,data\processed\balanced_raw\Bad Quality_Fruits\Guava_Bad\guava_bad_032.jpg,data\splits\train\malo\guava_bad_032.jpg
guava_bad_092.jpg,guava,malo,bad,train,data\processed\balanced_raw\Bad Quality_Fruits\Guava_Bad\guava_bad_092.jpg,data\splits\train\malo\guava_bad_092.jpg
guava_bad_026.jpg,guava,malo,bad,val,data\processed\balanced_raw\Bad Quality_Fruits\Guava_Bad\guava_bad_026.jpg,data\splits\val\malo\guava_bad_026.jpg
guava_bad_023.jpg,guava,malo,bad,val,data\processed\balanced_raw\Bad Quality_Fruits\Guava_Bad\guava_bad_023.jpg,data\splits\val\malo\guava_bad_023.jpg
guava_bad_014.jpg,guava,malo,bad,val,data\processed\balanced_raw\Bad Quality_Fruits\Guava_Bad\guava_bad_014.jpg,data\splits\val\malo\guava_bad_014.jpg
guava_bad_019.jpg,guava,malo,bad,val,data\processed\balanced_raw\Bad Quality_Fruits\Guava_Bad\guava_bad_019.jpg,data\splits\val\malo\guava_bad_019.jpg
guava_bad_075.jpg,guava,malo,bad,val,data\processed\balanced_raw\Bad Quality_Fruits\Guava_Bad\guava_bad_075.jpg,data\splits\val\malo\guava_bad_075.jpg
guava_bad_077.jpg,guava,malo,bad,val,data\processed\balanced_raw\Bad Quality_Fruits\Guava_Bad\guava_bad_077.jpg,data\splits\val\malo\guava_bad_077.jpg
guava_bad_025.jpg,guava,malo,bad,val,data\processed\balanced_raw\Bad Quality_Fruits\Guava_Bad\guava_bad_025.jpg,data\splits\val\malo\guava_bad_025.jpg
guava_bad_040.jpg,guava,malo,bad,val,data\processed\balanced_raw\Bad Quality_Fruits\Guava_Bad\guava_bad_040.jpg,data\splits\val\malo\guava_bad_040.jpg
guava_bad_059.jpg,guava,malo,bad,val,data\processed\balanced_raw\Bad Quality_Fruits\Guava_Bad\guava_bad_059.jpg,data\splits\val\malo\guava_bad_059.jpg
guava_bad_063.jpg,guava,malo,bad,test,data\processed\balanced_raw\Bad Quality_Fruits\Guava_Bad\guava_bad_063.jpg,data\splits\test\malo\guava_bad_063.jpg
guava_bad_124.jpg,guava,malo,bad,test,data\processed\balanced_raw\Bad Quality_Fruits\Guava_Bad\guava_bad_124.jpg,data\splits\test\malo\guava_bad_124.jpg
guava_bad_066.jpg,guava,malo,bad,test,data\processed\balanced_raw\Bad Quality_Fruits\Guava_Bad\guava_bad_066.jpg,data\splits\test\malo\guava_bad_066.jpg
guava_bad_088.jpg,guava,malo,bad,test,data\processed\balanced_raw\Bad Quality_Fruits\Guava_Bad\guava_bad_088.jpg,data\splits\test\malo\guava_bad_088.jpg
guava_bad_135.jpg,guava,malo,bad,test,data\processed\balanced_raw\Bad Quality_Fruits\Guava_Bad\guava_bad_135.jpg,data\splits\test\malo\guava_bad_135.jpg
guava_bad_044.jpg,guava,malo,bad,test,data\processed\balanced_raw\Bad Quality_Fruits\Guava_Bad\guava_bad_044.jpg,data\splits\test\malo\guava_bad_044.jpg
guava_bad_081.jpg,guava,malo,bad,test,data\processed\balanced_raw\Bad Quality_Fruits\Guava_Bad\guava_bad_081.jpg,data\splits\test\malo\guava_bad_081.jpg
guava_bad_084.jpg,guava,malo,bad,test,data\processed\balanced_raw\Bad Quality_Fruits\Guava_Bad\guava_bad_084.jpg,data\splits\test\malo\guava_bad_084.jpg
guava_bad_112.jpg,guava,malo,bad,test,data\processed\balanced_raw\Bad Quality_Fruits\Guava_Bad\guava_bad_112.jpg,data\splits\test\malo\guava_bad_112.jpg
lime_bad_113.jpg,lime,malo,bad,train,data\processed\balanced_raw\Bad Quality_Fruits\Lime_Bad\lime_bad_113.jpg,data\splits\train\malo\lime_bad_113.jpg
lime_bad_117.jpg,lime,malo,bad,train,data\processed\balanced_raw\Bad Quality_Fruits\Lime_Bad\lime_bad_117.jpg,data\splits\train\malo\lime_bad_117.jpg
lime_bad_021.jpg,lime,malo,bad,train,data\processed\balanced_raw\Bad Quality_Fruits\Lime_Bad\lime_bad_021.jpg,data\splits\train\malo\lime_bad_021.jpg
lime_bad_106.jpg,lime,malo,bad,train,data\processed\balanced_raw\Bad Quality_Fruits\Lime_Bad\lime_bad_106.jpg,data\splits\train\malo\lime_bad_106.jpg
lime_bad_125.jpg,lime,malo,bad,train,data\processed\balanced_raw\Bad Quality_Fruits\Lime_Bad\lime_bad_125.jpg,data\splits\train\malo\lime_bad_125.jpg
lime_bad_103.jpg,lime,malo,bad,train,data\processed\balanced_raw\Bad Quality_Fruits\Lime_Bad\lime_bad_103.jpg,data\splits\train\malo\lime_bad_103.jpg
lime_bad_013.jpg,lime,malo,bad,train,data\processed\balanced_raw\Bad Quality_Fruits\Lime_Bad\lime_bad_013.jpg,data\splits\train\malo\lime_bad_013.jpg
lime_bad_121.jpg,lime,malo,bad,train,data\processed\balanced_raw\Bad Quality_Fruits\Lime_Bad\lime_bad_121.jpg,data\splits\train\malo\lime_bad_121.jpg
lime_bad_111.jpg,lime,malo,bad,train,data\processed\balanced_raw\Bad Quality_Fruits\Lime_Bad\lime_bad_111.jpg,data\splits\train\malo\lime_bad_111.jpg
lime_bad_062.jpg,lime,malo,bad,train,data\processed\balanced_raw\Bad Quality_Fruits\Lime_Bad\lime_bad_062.jpg,data\splits\train\malo\lime_bad_062.jpg
lime_bad_114.jpg,lime,malo,bad,train,data\processed\balanced_raw\Bad Quality_Fruits\Lime_Bad\lime_bad_114.jpg,data\splits\train\malo\lime_bad_114.jpg
lime_bad_077.jpg,lime,malo,bad,train,data\processed\balanced_raw\Bad Quality_Fruits\Lime_Bad\lime_bad_077.jpg,data\splits\train\malo\lime_bad_077.jpg
lime_bad_074.jpg,lime,malo,bad,train,data\processed\balanced_raw\Bad Quality_Fruits\Lime_Bad\lime_bad_074.jpg,data\splits\train\malo\lime_bad_074.jpg
lime_bad_145.jpg,lime,malo,bad,train,data\processed\balanced_raw\Bad Quality_Fruits\Lime_Bad\lime_bad_145.jpg,data\splits\train\malo\lime_bad_145.jpg
lime_bad_083.jpg,lime,malo,bad,train,data\processed\balanced_raw\Bad Quality_Fruits\Lime_Bad\lime_bad_083.jpg,data\splits\train\malo\lime_bad_083.jpg
lime_bad_071.jpg,lime,malo,bad,train,data\processed\balanced_raw\Bad Quality_Fruits\Lime_Bad\lime_bad_071.jpg,data\splits\train\malo\lime_bad_071.jpg
lime_bad_059.jpg,lime,malo,bad,train,data\processed\balanced_raw\Bad Quality_Fruits\Lime_Bad\lime_bad_059.jpg,data\splits\train\malo\lime_bad_059.jpg
lime_bad_046.jpg,lime,malo,bad,train,data\processed\balanced_raw\Bad Quality_Fruits\Lime_Bad\lime_bad_046.jpg,data\splits\train\malo\lime_bad_046.jpg
lime_bad_052.jpg,lime,malo,bad,train,data\processed\balanced_raw\Bad Quality_Fruits\Lime_Bad\lime_bad_052.jpg,data\splits\train\malo\lime_bad_052.jpg
lime_bad_001.jpg,lime,malo,bad,train,data\processed\balanced_raw\Bad Quality_Fruits\Lime_Bad\lime_bad_001.jpg,data\splits\train\malo\lime_bad_001.jpg
lime_bad_095.jpg,lime,malo,bad,train,data\processed\balanced_raw\Bad Quality_Fruits\Lime_Bad\lime_bad_095.jpg,data\splits\train\malo\lime_bad_095.jpg
lime_bad_005.jpg,lime,malo,bad,train,data\processed\balanced_raw\Bad Quality_Fruits\Lime_Bad\lime_bad_005.jpg,data\splits\train\malo\lime_bad_005.jpg
lime_bad_143.jpg,lime,malo,bad,train,data\processed\balanced_raw\Bad Quality_Fruits\Lime_Bad\lime_bad_143.jpg,data\splits\train\malo\lime_bad_143.jpg
lime_bad_144.jpg,lime,malo,bad,train,data\processed\balanced_raw\Bad Quality_Fruits\Lime_Bad\lime_bad_144.jpg,data\splits\train\malo\lime_bad_144.jpg
lime_bad_134.jpg,lime,malo,bad,train,data\processed\balanced_raw\Bad Quality_Fruits\Lime_Bad\lime_bad_134.jpg,data\splits\train\malo\lime_bad_134.jpg
lime_bad_099.jpg,lime,malo,bad,train,data\processed\balanced_raw\Bad Quality_Fruits\Lime_Bad\lime_bad_099.jpg,data\splits\train\malo\lime_bad_099.jpg
lime_bad_092.jpg,lime,malo,bad,train,data\processed\balanced_raw\Bad Quality_Fruits\Lime_Bad\lime_bad_092.jpg,data\splits\train\malo\lime_bad_092.jpg
lime_bad_038.jpg,lime,malo,bad,train,data\processed\balanced_raw\Bad Quality_Fruits\Lime_Bad\lime_bad_038.jpg,data\splits\train\malo\lime_bad_038.jpg
lime_bad_027.jpg,lime,malo,bad,train,data\processed\balanced_raw\Bad Quality_Fruits\Lime_Bad\lime_bad_027.jpg,data\splits\train\malo\lime_bad_027.jpg
lime_bad_054.jpg,lime,malo,bad,train,data\processed\balanced_raw\Bad Quality_Fruits\Lime_Bad\lime_bad_054.jpg,data\splits\train\malo\lime_bad_054.jpg
lime_bad_057.jpg,lime,malo,bad,train,data\processed\balanced_raw\Bad Quality_Fruits\Lime_Bad\lime_bad_057.jpg,data\splits\train\malo\lime_bad_057.jpg
lime_bad_070.jpg,lime,malo,bad,train,data\processed\balanced_raw\Bad Quality_Fruits\Lime_Bad\lime_bad_070.jpg,data\splits\train\malo\lime_bad_070.jpg
lime_bad_142.jpg,lime,malo,bad,train,data\processed\balanced_raw\Bad Quality_Fruits\Lime_Bad\lime_bad_142.jpg,data\splits\train\malo\lime_bad_142.jpg
lime_bad_031.jpg,lime,malo,bad,train,data\processed\balanced_raw\Bad Quality_Fruits\Lime_Bad\lime_bad_031.jpg,data\splits\train\malo\lime_bad_031.jpg
lime_bad_035.jpg,lime,malo,bad,train,data\processed\balanced_raw\Bad Quality_Fruits\Lime_Bad\lime_bad_035.jpg,data\splits\train\malo\lime_bad_035.jpg
lime_bad_072.jpg,lime,malo,bad,train,data\processed\balanced_raw\Bad Quality_Fruits\Lime_Bad\lime_bad_072.jpg,data\splits\train\malo\lime_bad_072.jpg
lime_bad_084.jpg,lime,malo,bad,train,data\processed\balanced_raw\Bad Quality_Fruits\Lime_Bad\lime_bad_084.jpg,data\splits\train\malo\lime_bad_084.jpg
lime_bad_045.jpg,lime,malo,bad,train,data\processed\balanced_raw\Bad Quality_Fruits\Lime_Bad\lime_bad_045.jpg,data\splits\train\malo\lime_bad_045.jpg
lime_bad_022.jpg,lime,malo,bad,train,data\processed\balanced_raw\Bad Quality_Fruits\Lime_Bad\lime_bad_022.jpg,data\splits\train\malo\lime_bad_022.jpg
lime_bad_087.jpg,lime,malo,bad,train,data\processed\balanced_raw\Bad Quality_Fruits\Lime_Bad\lime_bad_087.jpg,data\splits\train\malo\lime_bad_087.jpg
lime_bad_078.jpg,lime,malo,bad,train,data\processed\balanced_raw\Bad Quality_Fruits\Lime_Bad\lime_bad_078.jpg,data\splits\train\malo\lime_bad_078.jpg
lime_bad_107.jpg,lime,malo,bad,train,data\processed\balanced_raw\Bad Quality_Fruits\Lime_Bad\lime_bad_107.jpg,data\splits\train\malo\lime_bad_107.jpg
lime_bad_019.jpg,lime,malo,bad,val,data\processed\balanced_raw\Bad Quality_Fruits\Lime_Bad\lime_bad_019.jpg,data\splits\val\malo\lime_bad_019.jpg
lime_bad_086.jpg,lime,malo,bad,val,data\processed\balanced_raw\Bad Quality_Fruits\Lime_Bad\lime_bad_086.jpg,data\splits\val\malo\lime_bad_086.jpg
lime_bad_007.jpg,lime,malo,bad,val,data\processed\balanced_raw\Bad Quality_Fruits\Lime_Bad\lime_bad_007.jpg,data\splits\val\malo\lime_bad_007.jpg
lime_bad_146.jpg,lime,malo,bad,val,data\processed\balanced_raw\Bad Quality_Fruits\Lime_Bad\lime_bad_146.jpg,data\splits\val\malo\lime_bad_146.jpg
lime_bad_116.jpg,lime,malo,bad,val,data\processed\balanced_raw\Bad Quality_Fruits\Lime_Bad\lime_bad_116.jpg,data\splits\val\malo\lime_bad_116.jpg
lime_bad_120.jpg,lime,malo,bad,val,data\processed\balanced_raw\Bad Quality_Fruits\Lime_Bad\lime_bad_120.jpg,data\splits\val\malo\lime_bad_120.jpg
lime_bad_010.jpg,lime,malo,bad,val,data\processed\balanced_raw\Bad Quality_Fruits\Lime_Bad\lime_bad_010.jpg,data\splits\val\malo\lime_bad_010.jpg
lime_bad_089.jpg,lime,malo,bad,val,data\processed\balanced_raw\Bad Quality_Fruits\Lime_Bad\lime_bad_089.jpg,data\splits\val\malo\lime_bad_089.jpg
lime_bad_132.jpg,lime,malo,bad,val,data\processed\balanced_raw\Bad Quality_Fruits\Lime_Bad\lime_bad_132.jpg,data\splits\val\malo\lime_bad_132.jpg
lime_bad_006.jpg,lime,malo,bad,test,data\processed\balanced_raw\Bad Quality_Fruits\Lime_Bad\lime_bad_006.jpg,data\splits\test\malo\lime_bad_006.jpg
lime_bad_041.jpg,lime,malo,bad,test,data\processed\balanced_raw\Bad Quality_Fruits\Lime_Bad\lime_bad_041.jpg,data\splits\test\malo\lime_bad_041.jpg
lime_bad_053.jpg,lime,malo,bad,test,data\processed\balanced_raw\Bad Quality_Fruits\Lime_Bad\lime_bad_053.jpg,data\splits\test\malo\lime_bad_053.jpg
lime_bad_129.jpg,lime,malo,bad,test,data\processed\balanced_raw\Bad Quality_Fruits\Lime_Bad\lime_bad_129.jpg,data\splits\test\malo\lime_bad_129.jpg
lime_bad_133.jpg,lime,malo,bad,test,data\processed\balanced_raw\Bad Quality_Fruits\Lime_Bad\lime_bad_133.jpg,data\splits\test\malo\lime_bad_133.jpg
lime_bad_061.jpg,lime,malo,bad,test,data\processed\balanced_raw\Bad Quality_Fruits\Lime_Bad\lime_bad_061.jpg,data\splits\test\malo\lime_bad_061.jpg
lime_bad_014.jpg,lime,malo,bad,test,data\processed\balanced_raw\Bad Quality_Fruits\Lime_Bad\lime_bad_014.jpg,data\splits\test\malo\lime_bad_014.jpg
lime_bad_003.jpg,lime,malo,bad,test,data\processed\balanced_raw\Bad Quality_Fruits\Lime_Bad\lime_bad_003.jpg,data\splits\test\malo\lime_bad_003.jpg
lime_bad_079.jpg,lime,malo,bad,test,data\processed\balanced_raw\Bad Quality_Fruits\Lime_Bad\lime_bad_079.jpg,data\splits\test\malo\lime_bad_079.jpg
orange_bad_022.jpeg,orange,malo,bad,train,data\processed\balanced_raw\Bad Quality_Fruits\Orange_Bad\orange_bad_022.jpeg,data\splits\train\malo\orange_bad_022.jpeg
orange_bad_060.png,orange,malo,bad,train,data\processed\balanced_raw\Bad Quality_Fruits\Orange_Bad\orange_bad_060.png,data\splits\train\malo\orange_bad_060.png
orange_bad_086.png,orange,malo,bad,train,data\processed\balanced_raw\Bad Quality_Fruits\Orange_Bad\orange_bad_086.png,data\splits\train\malo\orange_bad_086.png
orange_bad_035.png,orange,malo,bad,train,data\processed\balanced_raw\Bad Quality_Fruits\Orange_Bad\orange_bad_035.png,data\splits\train\malo\orange_bad_035.png
orange_bad_031.jpeg,orange,malo,bad,train,data\processed\balanced_raw\Bad Quality_Fruits\Orange_Bad\orange_bad_031.jpeg,data\splits\train\malo\orange_bad_031.jpeg
orange_bad_106.png,orange,malo,bad,train,data\processed\balanced_raw\Bad Quality_Fruits\Orange_Bad\orange_bad_106.png,data\splits\train\malo\orange_bad_106.png
orange_bad_021.jpeg,orange,malo,bad,train,data\processed\balanced_raw\Bad Quality_Fruits\Orange_Bad\orange_bad_021.jpeg,data\splits\train\malo\orange_bad_021.jpeg
orange_bad_093.png,orange,malo,bad,train,data\processed\balanced_raw\Bad Quality_Fruits\Orange_Bad\orange_bad_093.png,data\splits\train\malo\orange_bad_093.png
orange_bad_019.jpeg,orange,malo,bad,train,data\processed\balanced_raw\Bad Quality_Fruits\Orange_Bad\orange_bad_019.jpeg,data\splits\train\malo\orange_bad_019.jpeg
orange_bad_045.png,orange,malo,bad,train,data\processed\balanced_raw\Bad Quality_Fruits\Orange_Bad\orange_bad_045.png,data\splits\train\malo\orange_bad_045.png
orange_bad_110.png,orange,malo,bad,train,data\processed\balanced_raw\Bad Quality_Fruits\Orange_Bad\orange_bad_110.png,data\splits\train\malo\orange_bad_110.png
orange_bad_067.png,orange,malo,bad,train,data\processed\balanced_raw\Bad Quality_Fruits\Orange_Bad\orange_bad_067.png,data\splits\train\malo\orange_bad_067.png
orange_bad_036.png,orange,malo,bad,train,data\processed\balanced_raw\Bad Quality_Fruits\Orange_Bad\orange_bad_036.png,data\splits\train\malo\orange_bad_036.png
orange_bad_065.png,orange,malo,bad,train,data\processed\balanced_raw\Bad Quality_Fruits\Orange_Bad\orange_bad_065.png,data\splits\train\malo\orange_bad_065.png
orange_bad_075.png,orange,malo,bad,train,data\processed\balanced_raw\Bad Quality_Fruits\Orange_Bad\orange_bad_075.png,data\splits\train\malo\orange_bad_075.png
orange_bad_089.png,orange,malo,bad,train,data\processed\balanced_raw\Bad Quality_Fruits\Orange_Bad\orange_bad_089.png,data\splits\train\malo\orange_bad_089.png
orange_bad_001.jpeg,orange,malo,bad,train,data\processed\balanced_raw\Bad Quality_Fruits\Orange_Bad\orange_bad_001.jpeg,data\splits\train\malo\orange_bad_001.jpeg
orange_bad_037.png,orange,malo,bad,train,data\processed\balanced_raw\Bad Quality_Fruits\Orange_Bad\orange_bad_037.png,data\splits\train\malo\orange_bad_037.png
orange_bad_002.jpeg,orange,malo,bad,train,data\processed\balanced_raw\Bad Quality_Fruits\Orange_Bad\orange_bad_002.jpeg,data\splits\train\malo\orange_bad_002.jpeg
orange_bad_079.png,orange,malo,bad,train,data\processed\balanced_raw\Bad Quality_Fruits\Orange_Bad\orange_bad_079.png,data\splits\train\malo\orange_bad_079.png
orange_bad_102.png,orange,malo,bad,train,data\processed\balanced_raw\Bad Quality_Fruits\Orange_Bad\orange_bad_102.png,data\splits\train\malo\orange_bad_102.png
orange_bad_048.png,orange,malo,bad,train,data\processed\balanced_raw\Bad Quality_Fruits\Orange_Bad\orange_bad_048.png,data\splits\train\malo\orange_bad_048.png
orange_bad_004.jpeg,orange,malo,bad,train,data\processed\balanced_raw\Bad Quality_Fruits\Orange_Bad\orange_bad_004.jpeg,data\splits\train\malo\orange_bad_004.jpeg
orange_bad_013.jpeg,orange,malo,bad,train,data\processed\balanced_raw\Bad Quality_Fruits\Orange_Bad\orange_bad_013.jpeg,data\splits\train\malo\orange_bad_013.jpeg
orange_bad_084.png,orange,malo,bad,train,data\processed\balanced_raw\Bad Quality_Fruits\Orange_Bad\orange_bad_084.png,data\splits\train\malo\orange_bad_084.png
orange_bad_109.png,orange,malo,bad,train,data\processed\balanced_raw\Bad Quality_Fruits\Orange_Bad\orange_bad_109.png,data\splits\train\malo\orange_bad_109.png
orange_bad_009.jpeg,orange,malo,bad,train,data\processed\balanced_raw\Bad Quality_Fruits\Orange_Bad\orange_bad_009.jpeg,data\splits\train\malo\orange_bad_009.jpeg
orange_bad_111.png,orange,malo,bad,train,data\processed\balanced_raw\Bad Quality_Fruits\Orange_Bad\orange_bad_111.png,data\splits\train\malo\orange_bad_111.png
orange_bad_008.jpeg,orange,malo,bad,train,data\processed\balanced_raw\Bad Quality_Fruits\Orange_Bad\orange_bad_008.jpeg,data\splits\train\malo\orange_bad_008.jpeg
orange_bad_026.jpeg,orange,malo,bad,train,data\processed\balanced_raw\Bad Quality_Fruits\Orange_Bad\orange_bad_026.jpeg,data\splits\train\malo\orange_bad_026.jpeg
orange_bad_032.jpeg,orange,malo,bad,train,data\processed\balanced_raw\Bad Quality_Fruits\Orange_Bad\orange_bad_032.jpeg,data\splits\train\malo\orange_bad_032.jpeg
orange_bad_066.png,orange,malo,bad,train,data\processed\balanced_raw\Bad Quality_Fruits\Orange_Bad\orange_bad_066.png,data\splits\train\malo\orange_bad_066.png
orange_bad_097.png,orange,malo,bad,train,data\processed\balanced_raw\Bad Quality_Fruits\Orange_Bad\orange_bad_097.png,data\splits\train\malo\orange_bad_097.png
orange_bad_103.png,orange,malo,bad,train,data\processed\balanced_raw\Bad Quality_Fruits\Orange_Bad\orange_bad_103.png,data\splits\train\malo\orange_bad_103.png
orange_bad_080.png,orange,malo,bad,train,data\processed\balanced_raw\Bad Quality_Fruits\Orange_Bad\orange_bad_080.png,data\splits\train\malo\orange_bad_080.png
orange_bad_042.png,orange,malo,bad,train,data\processed\balanced_raw\Bad Quality_Fruits\Orange_Bad\orange_bad_042.png,data\splits\train\malo\orange_bad_042.png
orange_bad_050.png,orange,malo,bad,train,data\processed\balanced_raw\Bad Quality_Fruits\Orange_Bad\orange_bad_050.png,data\splits\train\malo\orange_bad_050.png
orange_bad_082.png,orange,malo,bad,train,data\processed\balanced_raw\Bad Quality_Fruits\Orange_Bad\orange_bad_082.png,data\splits\train\malo\orange_bad_082.png
orange_bad_108.png,orange,malo,bad,train,data\processed\balanced_raw\Bad Quality_Fruits\Orange_Bad\orange_bad_108.png,data\splits\train\malo\orange_bad_108.png
orange_bad_007.jpeg,orange,malo,bad,train,data\processed\balanced_raw\Bad Quality_Fruits\Orange_Bad\orange_bad_007.jpeg,data\splits\train\malo\orange_bad_007.jpeg
orange_bad_061.png,orange,malo,bad,train,data\processed\balanced_raw\Bad Quality_Fruits\Orange_Bad\orange_bad_061.png,data\splits\train\malo\orange_bad_061.png
orange_bad_098.png,orange,malo,bad,train,data\processed\balanced_raw\Bad Quality_Fruits\Orange_Bad\orange_bad_098.png,data\splits\train\malo\orange_bad_098.png
orange_bad_091.png,orange,malo,bad,val,data\processed\balanced_raw\Bad Quality_Fruits\Orange_Bad\orange_bad_091.png,data\splits\val\malo\orange_bad_091.png
orange_bad_043.png,orange,malo,bad,val,data\processed\balanced_raw\Bad Quality_Fruits\Orange_Bad\orange_bad_043.png,data\splits\val\malo\orange_bad_043.png
orange_bad_058.png,orange,malo,bad,val,data\processed\balanced_raw\Bad Quality_Fruits\Orange_Bad\orange_bad_058.png,data\splits\val\malo\orange_bad_058.png
orange_bad_087.png,orange,malo,bad,val,data\processed\balanced_raw\Bad Quality_Fruits\Orange_Bad\orange_bad_087.png,data\splits\val\malo\orange_bad_087.png
orange_bad_096.png,orange,malo,bad,val,data\processed\balanced_raw\Bad Quality_Fruits\Orange_Bad\orange_bad_096.png,data\splits\val\malo\orange_bad_096.png
orange_bad_012.jpeg,orange,malo,bad,val,data\processed\balanced_raw\Bad Quality_Fruits\Orange_Bad\orange_bad_012.jpeg,data\splits\val\malo\orange_bad_012.jpeg
orange_bad_024.jpeg,orange,malo,bad,val,data\processed\balanced_raw\Bad Quality_Fruits\Orange_Bad\orange_bad_024.jpeg,data\splits\val\malo\orange_bad_024.jpeg
orange_bad_054.png,orange,malo,bad,val,data\processed\balanced_raw\Bad Quality_Fruits\Orange_Bad\orange_bad_054.png,data\splits\val\malo\orange_bad_054.png
orange_bad_105.png,orange,malo,bad,val,data\processed\balanced_raw\Bad Quality_Fruits\Orange_Bad\orange_bad_105.png,data\splits\val\malo\orange_bad_105.png
orange_bad_100.png,orange,malo,bad,test,data\processed\balanced_raw\Bad Quality_Fruits\Orange_Bad\orange_bad_100.png,data\splits\test\malo\orange_bad_100.png
orange_bad_028.jpeg,orange,malo,bad,test,data\processed\balanced_raw\Bad Quality_Fruits\Orange_Bad\orange_bad_028.jpeg,data\splits\test\malo\orange_bad_028.jpeg
orange_bad_062.png,orange,malo,bad,test,data\processed\balanced_raw\Bad Quality_Fruits\Orange_Bad\orange_bad_062.png,data\splits\test\malo\orange_bad_062.png
orange_bad_107.png,orange,malo,bad,test,data\processed\balanced_raw\Bad Quality_Fruits\Orange_Bad\orange_bad_107.png,data\splits\test\malo\orange_bad_107.png
orange_bad_078.png,orange,malo,bad,test,data\processed\balanced_raw\Bad Quality_Fruits\Orange_Bad\orange_bad_078.png,data\splits\test\malo\orange_bad_078.png
orange_bad_094.png,orange,malo,bad,test,data\processed\balanced_raw\Bad Quality_Fruits\Orange_Bad\orange_bad_094.png,data\splits\test\malo\orange_bad_094.png
orange_bad_015.jpeg,orange,malo,bad,test,data\processed\balanced_raw\Bad Quality_Fruits\Orange_Bad\orange_bad_015.jpeg,data\splits\test\malo\orange_bad_015.jpeg
orange_bad_070.png,orange,malo,bad,test,data\processed\balanced_raw\Bad Quality_Fruits\Orange_Bad\orange_bad_070.png,data\splits\test\malo\orange_bad_070.png
orange_bad_025.jpeg,orange,malo,bad,test,data\processed\balanced_raw\Bad Quality_Fruits\Orange_Bad\orange_bad_025.jpeg,data\splits\test\malo\orange_bad_025.jpeg
pomegranate_bad_026.jpg,pomegranate,malo,bad,train,data\processed\balanced_raw\Bad Quality_Fruits\Pomegranate_Bad\pomegranate_bad_026.jpg,data\splits\train\malo\pomegranate_bad_026.jpg
pomegranate_bad_760.jpg,pomegranate,malo,bad,train,data\processed\balanced_raw\Bad Quality_Fruits\Pomegranate_Bad\pomegranate_bad_760.jpg,data\splits\train\malo\pomegranate_bad_760.jpg
pomegranate_bad_249.jpg,pomegranate,malo,bad,train,data\processed\balanced_raw\Bad Quality_Fruits\Pomegranate_Bad\pomegranate_bad_249.jpg,data\splits\train\malo\pomegranate_bad_249.jpg
pomegranate_bad_886.jpg,pomegranate,malo,bad,train,data\processed\balanced_raw\Bad Quality_Fruits\Pomegranate_Bad\pomegranate_bad_886.jpg,data\splits\train\malo\pomegranate_bad_886.jpg
pomegranate_bad_189.jpg,pomegranate,malo,bad,train,data\processed\balanced_raw\Bad Quality_Fruits\Pomegranate_Bad\pomegranate_bad_189.jpg,data\splits\train\malo\pomegranate_bad_189.jpg
pomegranate_bad_187.jpg,pomegranate,malo,bad,train,data\processed\balanced_raw\Bad Quality_Fruits\Pomegranate_Bad\pomegranate_bad_187.jpg,data\splits\train\malo\pomegranate_bad_187.jpg
pomegranate_bad_170.jpg,pomegranate,malo,bad,train,data\processed\balanced_raw\Bad Quality_Fruits\Pomegranate_Bad\pomegranate_bad_170.jpg,data\splits\train\malo\pomegranate_bad_170.jpg
pomegranate_bad_986.jpg,pomegranate,malo,bad,train,data\processed\balanced_raw\Bad Quality_Fruits\Pomegranate_Bad\pomegranate_bad_986.jpg,data\splits\train\malo\pomegranate_bad_986.jpg
pomegranate_bad_097.jpg,pomegranate,malo,bad,train,data\processed\balanced_raw\Bad Quality_Fruits\Pomegranate_Bad\pomegranate_bad_097.jpg,data\splits\train\malo\pomegranate_bad_097.jpg
pomegranate_bad_426.jpg,pomegranate,malo,bad,train,data\processed\balanced_raw\Bad Quality_Fruits\Pomegranate_Bad\pomegranate_bad_426.jpg,data\splits\train\malo\pomegranate_bad_426.jpg
pomegranate_bad_130.jpg,pomegranate,malo,bad,train,data\processed\balanced_raw\Bad Quality_Fruits\Pomegranate_Bad\pomegranate_bad_130.jpg,data\splits\train\malo\pomegranate_bad_130.jpg
pomegranate_bad_688.jpg,pomegranate,malo,bad,train,data\processed\balanced_raw\Bad Quality_Fruits\Pomegranate_Bad\pomegranate_bad_688.jpg,data\splits\train\malo\pomegranate_bad_688.jpg
pomegranate_bad_737.jpg,pomegranate,malo,bad,train,data\processed\balanced_raw\Bad Quality_Fruits\Pomegranate_Bad\pomegranate_bad_737.jpg,data\splits\train\malo\pomegranate_bad_737.jpg
pomegranate_bad_542.jpg,pomegranate,malo,bad,train,data\processed\balanced_raw\Bad Quality_Fruits\Pomegranate_Bad\pomegranate_bad_542.jpg,data\splits\train\malo\pomegranate_bad_542.jpg
pomegranate_bad_105.jpg,pomegranate,malo,bad,train,data\processed\balanced_raw\Bad Quality_Fruits\Pomegranate_Bad\pomegranate_bad_105.jpg,data\splits\train\malo\pomegranate_bad_105.jpg
pomegranate_bad_357.jpg,pomegranate,malo,bad,train,data\processed\balanced_raw\Bad Quality_Fruits\Pomegranate_Bad\pomegranate_bad_357.jpg,data\splits\train\malo\pomegranate_bad_357.jpg
pomegranate_bad_059.jpg,pomegranate,malo,bad,train,data\processed\balanced_raw\Bad Quality_Fruits\Pomegranate_Bad\pomegranate_bad_059.jpg,data\splits\train\malo\pomegranate_bad_059.jpg
pomegranate_bad_334.jpg,pomegranate,malo,bad,train,data\processed\balanced_raw\Bad Quality_Fruits\Pomegranate_Bad\pomegranate_bad_334.jpg,data\splits\train\malo\pomegranate_bad_334.jpg
pomegranate_bad_702.jpg,pomegranate,malo,bad,train,data\processed\balanced_raw\Bad Quality_Fruits\Pomegranate_Bad\pomegranate_bad_702.jpg,data\splits\train\malo\pomegranate_bad_702.jpg
pomegranate_bad_805.jpg,pomegranate,malo,bad,train,data\processed\balanced_raw\Bad Quality_Fruits\Pomegranate_Bad\pomegranate_bad_805.jpg,data\splits\train\malo\pomegranate_bad_805.jpg
pomegranate_bad_812.jpg,pomegranate,malo,bad,train,data\processed\balanced_raw\Bad Quality_Fruits\Pomegranate_Bad\pomegranate_bad_812.jpg,data\splits\train\malo\pomegranate_bad_812.jpg
pomegranate_bad_106.jpg,pomegranate,malo,bad,train,data\processed\balanced_raw\Bad Quality_Fruits\Pomegranate_Bad\pomegranate_bad_106.jpg,data\splits\train\malo\pomegranate_bad_106.jpg
pomegranate_bad_322.jpg,pomegranate,malo,bad,train,data\processed\balanced_raw\Bad Quality_Fruits\Pomegranate_Bad\pomegranate_bad_322.jpg,data\splits\train\malo\pomegranate_bad_322.jpg
pomegranate_bad_371.jpg,pomegranate,malo,bad,train,data\processed\balanced_raw\Bad Quality_Fruits\Pomegranate_Bad\pomegranate_bad_371.jpg,data\splits\train\malo\pomegranate_bad_371.jpg
pomegranate_bad_258.jpg,pomegranate,malo,bad,train,data\processed\balanced_raw\Bad Quality_Fruits\Pomegranate_Bad\pomegranate_bad_258.jpg,data\splits\train\malo\pomegranate_bad_258.jpg
pomegranate_bad_455.jpg,pomegranate,malo,bad,train,data\processed\balanced_raw\Bad Quality_Fruits\Pomegranate_Bad\pomegranate_bad_455.jpg,data\splits\train\malo\pomegranate_bad_455.jpg
pomegranate_bad_1000.jpg,pomegranate,malo,bad,train,data\processed\balanced_raw\Bad Quality_Fruits\Pomegranate_Bad\pomegranate_bad_1000.jpg,data\splits\train\malo\pomegranate_bad_1000.jpg
pomegranate_bad_823.jpg,pomegranate,malo,bad,train,data\processed\balanced_raw\Bad Quality_Fruits\Pomegranate_Bad\pomegranate_bad_823.jpg,data\splits\train\malo\pomegranate_bad_823.jpg
pomegranate_bad_068.jpg,pomegranate,malo,bad,train,data\processed\balanced_raw\Bad Quality_Fruits\Pomegranate_Bad\pomegranate_bad_068.jpg,data\splits\train\malo\pomegranate_bad_068.jpg
pomegranate_bad_937.jpg,pomegranate,malo,bad,train,data\processed\balanced_raw\Bad Quality_Fruits\Pomegranate_Bad\pomegranate_bad_937.jpg,data\splits\train\malo\pomegranate_bad_937.jpg
pomegranate_bad_677.jpg,pomegranate,malo,bad,train,data\processed\balanced_raw\Bad Quality_Fruits\Pomegranate_Bad\pomegranate_bad_677.jpg,data\splits\train\malo\pomegranate_bad_677.jpg
pomegranate_bad_777.jpg,pomegranate,malo,bad,train,data\processed\balanced_raw\Bad Quality_Fruits\Pomegranate_Bad\pomegranate_bad_777.jpg,data\splits\train\malo\pomegranate_bad_777.jpg
pomegranate_bad_168.jpg,pomegranate,malo,bad,train,data\processed\balanced_raw\Bad Quality_Fruits\Pomegranate_Bad\pomegranate_bad_168.jpg,data\splits\train\malo\pomegranate_bad_168.jpg
pomegranate_bad_525.jpg,pomegranate,malo,bad,train,data\processed\balanced_raw\Bad Quality_Fruits\Pomegranate_Bad\pomegranate_bad_525.jpg,data\splits\train\malo\pomegranate_bad_525.jpg
pomegranate_bad_486.jpg,pomegranate,malo,bad,train,data\processed\balanced_raw\Bad Quality_Fruits\Pomegranate_Bad\pomegranate_bad_486.jpg,data\splits\train\malo\pomegranate_bad_486.jpg
pomegranate_bad_578.jpg,pomegranate,malo,bad,train,data\processed\balanced_raw\Bad Quality_Fruits\Pomegranate_Bad\pomegranate_bad_578.jpg,data\splits\train\malo\pomegranate_bad_578.jpg
pomegranate_bad_660.jpg,pomegranate,malo,bad,train,data\processed\balanced_raw\Bad Quality_Fruits\Pomegranate_Bad\pomegranate_bad_660.jpg,data\splits\train\malo\pomegranate_bad_660.jpg
pomegranate_bad_284.jpg,pomegranate,malo,bad,train,data\processed\balanced_raw\Bad Quality_Fruits\Pomegranate_Bad\pomegranate_bad_284.jpg,data\splits\train\malo\pomegranate_bad_284.jpg
pomegranate_bad_699.jpg,pomegranate,malo,bad,train,data\processed\balanced_raw\Bad Quality_Fruits\Pomegranate_Bad\pomegranate_bad_699.jpg,data\splits\train\malo\pomegranate_bad_699.jpg
pomegranate_bad_559.jpg,pomegranate,malo,bad,train,data\processed\balanced_raw\Bad Quality_Fruits\Pomegranate_Bad\pomegranate_bad_559.jpg,data\splits\train\malo\pomegranate_bad_559.jpg
pomegranate_bad_643.jpg,pomegranate,malo,bad,train,data\processed\balanced_raw\Bad Quality_Fruits\Pomegranate_Bad\pomegranate_bad_643.jpg,data\splits\train\malo\pomegranate_bad_643.jpg
pomegranate_bad_073.jpg,pomegranate,malo,bad,train,data\processed\balanced_raw\Bad Quality_Fruits\Pomegranate_Bad\pomegranate_bad_073.jpg,data\splits\train\malo\pomegranate_bad_073.jpg
pomegranate_bad_183.jpg,pomegranate,malo,bad,val,data\processed\balanced_raw\Bad Quality_Fruits\Pomegranate_Bad\pomegranate_bad_183.jpg,data\splits\val\malo\pomegranate_bad_183.jpg
pomegranate_bad_878.jpg,pomegranate,malo,bad,val,data\processed\balanced_raw\Bad Quality_Fruits\Pomegranate_Bad\pomegranate_bad_878.jpg,data\splits\val\malo\pomegranate_bad_878.jpg
pomegranate_bad_176.jpg,pomegranate,malo,bad,val,data\processed\balanced_raw\Bad Quality_Fruits\Pomegranate_Bad\pomegranate_bad_176.jpg,data\splits\val\malo\pomegranate_bad_176.jpg
pomegranate_bad_162.jpg,pomegranate,malo,bad,val,data\processed\balanced_raw\Bad Quality_Fruits\Pomegranate_Bad\pomegranate_bad_162.jpg,data\splits\val\malo\pomegranate_bad_162.jpg
pomegranate_bad_495.jpg,pomegranate,malo,bad,val,data\processed\balanced_raw\Bad Quality_Fruits\Pomegranate_Bad\pomegranate_bad_495.jpg,data\splits\val\malo\pomegranate_bad_495.jpg
pomegranate_bad_711.jpg,pomegranate,malo,bad,val,data\processed\balanced_raw\Bad Quality_Fruits\Pomegranate_Bad\pomegranate_bad_711.jpg,data\splits\val\malo\pomegranate_bad_711.jpg
pomegranate_bad_701.jpg,pomegranate,malo,bad,val,data\processed\balanced_raw\Bad Quality_Fruits\Pomegranate_Bad\pomegranate_bad_701.jpg,data\splits\val\malo\pomegranate_bad_701.jpg
pomegranate_bad_571.jpg,pomegranate,malo,bad,val,data\processed\balanced_raw\Bad Quality_Fruits\Pomegranate_Bad\pomegranate_bad_571.jpg,data\splits\val\malo\pomegranate_bad_571.jpg
pomegranate_bad_887.jpg,pomegranate,malo,bad,val,data\processed\balanced_raw\Bad Quality_Fruits\Pomegranate_Bad\pomegranate_bad_887.jpg,data\splits\val\malo\pomegranate_bad_887.jpg
pomegranate_bad_715.jpg,pomegranate,malo,bad,test,data\processed\balanced_raw\Bad Quality_Fruits\Pomegranate_Bad\pomegranate_bad_715.jpg,data\splits\test\malo\pomegranate_bad_715.jpg
pomegranate_bad_708.jpg,pomegranate,malo,bad,test,data\processed\balanced_raw\Bad Quality_Fruits\Pomegranate_Bad\pomegranate_bad_708.jpg,data\splits\test\malo\pomegranate_bad_708.jpg
pomegranate_bad_441.jpg,pomegranate,malo,bad,test,data\processed\balanced_raw\Bad Quality_Fruits\Pomegranate_Bad\pomegranate_bad_441.jpg,data\splits\test\malo\pomegranate_bad_441.jpg
pomegranate_bad_257.jpg,pomegranate,malo,bad,test,data\processed\balanced_raw\Bad Quality_Fruits\Pomegranate_Bad\pomegranate_bad_257.jpg,data\splits\test\malo\pomegranate_bad_257.jpg
pomegranate_bad_479.jpg,pomegranate,malo,bad,test,data\processed\balanced_raw\Bad Quality_Fruits\Pomegranate_Bad\pomegranate_bad_479.jpg,data\splits\test\malo\pomegranate_bad_479.jpg
pomegranate_bad_933.jpg,pomegranate,malo,bad,test,data\processed\balanced_raw\Bad Quality_Fruits\Pomegranate_Bad\pomegranate_bad_933.jpg,data\splits\test\malo\pomegranate_bad_933.jpg
pomegranate_bad_804.jpg,pomegranate,malo,bad,test,data\processed\balanced_raw\Bad Quality_Fruits\Pomegranate_Bad\pomegranate_bad_804.jpg,data\splits\test\malo\pomegranate_bad_804.jpg
pomegranate_bad_211.jpg,pomegranate,malo,bad,test,data\processed\balanced_raw\Bad Quality_Fruits\Pomegranate_Bad\pomegranate_bad_211.jpg,data\splits\test\malo\pomegranate_bad_211.jpg
pomegranate_bad_360.jpg,pomegranate,malo,bad,test,data\processed\balanced_raw\Bad Quality_Fruits\Pomegranate_Bad\pomegranate_bad_360.jpg,data\splits\test\malo\pomegranate_bad_360.jpg
apple_good_107.jpg,apple,bueno,good,train,data\processed\balanced_raw\Good Quality_Fruits\Apple_Good\apple_good_107.jpg,data\splits\train\bueno\apple_good_107.jpg
apple_good_073.jpg,apple,bueno,good,train,data\processed\balanced_raw\Good Quality_Fruits\Apple_Good\apple_good_073.jpg,data\splits\train\bueno\apple_good_073.jpg
apple_good_148.jpg,apple,bueno,good,train,data\processed\balanced_raw\Good Quality_Fruits\Apple_Good\apple_good_148.jpg,data\splits\train\bueno\apple_good_148.jpg
apple_good_024.jpg,apple,bueno,good,train,data\processed\balanced_raw\Good Quality_Fruits\Apple_Good\apple_good_024.jpg,data\splits\train\bueno\apple_good_024.jpg
apple_good_185.jpg,apple,bueno,good,train,data\processed\balanced_raw\Good Quality_Fruits\Apple_Good\apple_good_185.jpg,data\splits\train\bueno\apple_good_185.jpg
apple_good_013.jpg,apple,bueno,good,train,data\processed\balanced_raw\Good Quality_Fruits\Apple_Good\apple_good_013.jpg,data\splits\train\bueno\apple_good_013.jpg
apple_good_206.jpg,apple,bueno,good,train,data\processed\balanced_raw\Good Quality_Fruits\Apple_Good\apple_good_206.jpg,data\splits\train\bueno\apple_good_206.jpg
apple_good_069.jpg,apple,bueno,good,train,data\processed\balanced_raw\Good Quality_Fruits\Apple_Good\apple_good_069.jpg,data\splits\train\bueno\apple_good_069.jpg
apple_good_070.jpg,apple,bueno,good,train,data\processed\balanced_raw\Good Quality_Fruits\Apple_Good\apple_good_070.jpg,data\splits\train\bueno\apple_good_070.jpg
apple_good_258.jpg,apple,bueno,good,train,data\processed\balanced_raw\Good Quality_Fruits\Apple_Good\apple_good_258.jpg,data\splits\train\bueno\apple_good_258.jpg
apple_good_007.jpg,apple,bueno,good,train,data\processed\balanced_raw\Good Quality_Fruits\Apple_Good\apple_good_007.jpg,data\splits\train\bueno\apple_good_007.jpg
apple_good_203.jpg,apple,bueno,good,train,data\processed\balanced_raw\Good Quality_Fruits\Apple_Good\apple_good_203.jpg,data\splits\train\bueno\apple_good_203.jpg
apple_good_147.jpg,apple,bueno,good,train,data\processed\balanced_raw\Good Quality_Fruits\Apple_Good\apple_good_147.jpg,data\splits\train\bueno\apple_good_147.jpg
apple_good_028.jpg,apple,bueno,good,train,data\processed\balanced_raw\Good Quality_Fruits\Apple_Good\apple_good_028.jpg,data\splits\train\bueno\apple_good_028.jpg
apple_good_172.jpg,apple,bueno,good,train,data\processed\balanced_raw\Good Quality_Fruits\Apple_Good\apple_good_172.jpg,data\splits\train\bueno\apple_good_172.jpg
apple_good_250.jpg,apple,bueno,good,train,data\processed\balanced_raw\Good Quality_Fruits\Apple_Good\apple_good_250.jpg,data\splits\train\bueno\apple_good_250.jpg
apple_good_248.jpg,apple,bueno,good,train,data\processed\balanced_raw\Good Quality_Fruits\Apple_Good\apple_good_248.jpg,data\splits\train\bueno\apple_good_248.jpg
apple_good_160.jpg,apple,bueno,good,train,data\processed\balanced_raw\Good Quality_Fruits\Apple_Good\apple_good_160.jpg,data\splits\train\bueno\apple_good_160.jpg
apple_good_211.jpg,apple,bueno,good,train,data\processed\balanced_raw\Good Quality_Fruits\Apple_Good\apple_good_211.jpg,data\splits\train\bueno\apple_good_211.jpg
apple_good_045.jpg,apple,bueno,good,train,data\processed\balanced_raw\Good Quality_Fruits\Apple_Good\apple_good_045.jpg,data\splits\train\bueno\apple_good_045.jpg
apple_good_112.jpg,apple,bueno,good,train,data\processed\balanced_raw\Good Quality_Fruits\Apple_Good\apple_good_112.jpg,data\splits\train\bueno\apple_good_112.jpg
apple_good_113.jpg,apple,bueno,good,train,data\processed\balanced_raw\Good Quality_Fruits\Apple_Good\apple_good_113.jpg,data\splits\train\bueno\apple_good_113.jpg
apple_good_090.jpg,apple,bueno,good,train,data\processed\balanced_raw\Good Quality_Fruits\Apple_Good\apple_good_090.jpg,data\splits\train\bueno\apple_good_090.jpg
apple_good_169.jpg,apple,bueno,good,train,data\processed\balanced_raw\Good Quality_Fruits\Apple_Good\apple_good_169.jpg,data\splits\train\bueno\apple_good_169.jpg
apple_good_110.jpg,apple,bueno,good,train,data\processed\balanced_raw\Good Quality_Fruits\Apple_Good\apple_good_110.jpg,data\splits\train\bueno\apple_good_110.jpg
apple_good_208.jpg,apple,bueno,good,train,data\processed\balanced_raw\Good Quality_Fruits\Apple_Good\apple_good_208.jpg,data\splits\train\bueno\apple_good_208.jpg
apple_good_256.jpg,apple,bueno,good,train,data\processed\balanced_raw\Good Quality_Fruits\Apple_Good\apple_good_256.jpg,data\splits\train\bueno\apple_good_256.jpg
apple_good_218.jpg,apple,bueno,good,train,data\processed\balanced_raw\Good Quality_Fruits\Apple_Good\apple_good_218.jpg,data\splits\train\bueno\apple_good_218.jpg
apple_good_018.jpg,apple,bueno,good,train,data\processed\balanced_raw\Good Quality_Fruits\Apple_Good\apple_good_018.jpg,data\splits\train\bueno\apple_good_018.jpg
apple_good_099.jpg,apple,bueno,good,train,data\processed\balanced_raw\Good Quality_Fruits\Apple_Good\apple_good_099.jpg,data\splits\train\bueno\apple_good_099.jpg
apple_good_223.jpg,apple,bueno,good,train,data\processed\balanced_raw\Good Quality_Fruits\Apple_Good\apple_good_223.jpg,data\splits\train\bueno\apple_good_223.jpg
apple_good_155.jpg,apple,bueno,good,train,data\processed\balanced_raw\Good Quality_Fruits\Apple_Good\apple_good_155.jpg,data\splits\train\bueno\apple_good_155.jpg
apple_good_228.jpg,apple,bueno,good,train,data\processed\balanced_raw\Good Quality_Fruits\Apple_Good\apple_good_228.jpg,data\splits\train\bueno\apple_good_228.jpg
apple_good_252.jpg,apple,bueno,good,train,data\processed\balanced_raw\Good Quality_Fruits\Apple_Good\apple_good_252.jpg,data\splits\train\bueno\apple_good_252.jpg
apple_good_128.jpg,apple,bueno,good,train,data\processed\balanced_raw\Good Quality_Fruits\Apple_Good\apple_good_128.jpg,data\splits\train\bueno\apple_good_128.jpg
apple_good_054.jpg,apple,bueno,good,train,data\processed\balanced_raw\Good Quality_Fruits\Apple_Good\apple_good_054.jpg,data\splits\train\bueno\apple_good_054.jpg
apple_good_093.jpg,apple,bueno,good,train,data\processed\balanced_raw\Good Quality_Fruits\Apple_Good\apple_good_093.jpg,data\splits\train\bueno\apple_good_093.jpg
apple_good_106.jpg,apple,bueno,good,train,data\processed\balanced_raw\Good Quality_Fruits\Apple_Good\apple_good_106.jpg,data\splits\train\bueno\apple_good_106.jpg
apple_good_074.jpg,apple,bueno,good,train,data\processed\balanced_raw\Good Quality_Fruits\Apple_Good\apple_good_074.jpg,data\splits\train\bueno\apple_good_074.jpg
apple_good_210.jpg,apple,bueno,good,train,data\processed\balanced_raw\Good Quality_Fruits\Apple_Good\apple_good_210.jpg,data\splits\train\bueno\apple_good_210.jpg
apple_good_104.jpg,apple,bueno,good,train,data\processed\balanced_raw\Good Quality_Fruits\Apple_Good\apple_good_104.jpg,data\splits\train\bueno\apple_good_104.jpg
apple_good_266.jpeg,apple,bueno,good,train,data\processed\balanced_raw\Good Quality_Fruits\Apple_Good\apple_good_266.jpeg,data\splits\train\bueno\apple_good_266.jpeg
apple_good_085.jpg,apple,bueno,good,val,data\processed\balanced_raw\Good Quality_Fruits\Apple_Good\apple_good_085.jpg,data\splits\val\bueno\apple_good_085.jpg
apple_good_153.jpg,apple,bueno,good,val,data\processed\balanced_raw\Good Quality_Fruits\Apple_Good\apple_good_153.jpg,data\splits\val\bueno\apple_good_153.jpg
apple_good_071.jpg,apple,bueno,good,val,data\processed\balanced_raw\Good Quality_Fruits\Apple_Good\apple_good_071.jpg,data\splits\val\bueno\apple_good_071.jpg
apple_good_158.jpg,apple,bueno,good,val,data\processed\balanced_raw\Good Quality_Fruits\Apple_Good\apple_good_158.jpg,data\splits\val\bueno\apple_good_158.jpg
apple_good_232.jpg,apple,bueno,good,val,data\processed\balanced_raw\Good Quality_Fruits\Apple_Good\apple_good_232.jpg,data\splits\val\bueno\apple_good_232.jpg
apple_good_025.jpg,apple,bueno,good,val,data\processed\balanced_raw\Good Quality_Fruits\Apple_Good\apple_good_025.jpg,data\splits\val\bueno\apple_good_025.jpg
apple_good_165.jpg,apple,bueno,good,val,data\processed\balanced_raw\Good Quality_Fruits\Apple_Good\apple_good_165.jpg,data\splits\val\bueno\apple_good_165.jpg
apple_good_175.jpg,apple,bueno,good,val,data\processed\balanced_raw\Good Quality_Fruits\Apple_Good\apple_good_175.jpg,data\splits\val\bueno\apple_good_175.jpg
apple_good_251.jpg,apple,bueno,good,val,data\processed\balanced_raw\Good Quality_Fruits\Apple_Good\apple_good_251.jpg,data\splits\val\bueno\apple_good_251.jpg
apple_good_006.jpg,apple,bueno,good,test,data\processed\balanced_raw\Good Quality_Fruits\Apple_Good\apple_good_006.jpg,data\splits\test\bueno\apple_good_006.jpg
apple_good_019.jpg,apple,bueno,good,test,data\processed\balanced_raw\Good Quality_Fruits\Apple_Good\apple_good_019.jpg,data\splits\test\bueno\apple_good_019.jpg
apple_good_215.jpg,apple,bueno,good,test,data\processed\balanced_raw\Good Quality_Fruits\Apple_Good\apple_good_215.jpg,data\splits\test\bueno\apple_good_215.jpg
apple_good_098.jpg,apple,bueno,good,test,data\processed\balanced_raw\Good Quality_Fruits\Apple_Good\apple_good_098.jpg,data\splits\test\bueno\apple_good_098.jpg
apple_good_132.jpg,apple,bueno,good,test,data\processed\balanced_raw\Good Quality_Fruits\Apple_Good\apple_good_132.jpg,data\splits\test\bueno\apple_good_132.jpg
apple_good_096.jpg,apple,bueno,good,test,data\processed\balanced_raw\Good Quality_Fruits\Apple_Good\apple_good_096.jpg,data\splits\test\bueno\apple_good_096.jpg
apple_good_188.jpg,apple,bueno,good,test,data\processed\balanced_raw\Good Quality_Fruits\Apple_Good\apple_good_188.jpg,data\splits\test\bueno\apple_good_188.jpg
apple_good_194.jpg,apple,bueno,good,test,data\processed\balanced_raw\Good Quality_Fruits\Apple_Good\apple_good_194.jpg,data\splits\test\bueno\apple_good_194.jpg
apple_good_038.jpg,apple,bueno,good,test,data\processed\balanced_raw\Good Quality_Fruits\Apple_Good\apple_good_038.jpg,data\splits\test\bueno\apple_good_038.jpg
banana_good_123.jpg,banana,bueno,good,train,data\processed\balanced_raw\Good Quality_Fruits\Banana_Good\banana_good_123.jpg,data\splits\train\bueno\banana_good_123.jpg
banana_good_140.jpg,banana,bueno,good,train,data\processed\balanced_raw\Good Quality_Fruits\Banana_Good\banana_good_140.jpg,data\splits\train\bueno\banana_good_140.jpg
banana_good_147.jpg,banana,bueno,good,train,data\processed\balanced_raw\Good Quality_Fruits\Banana_Good\banana_good_147.jpg,data\splits\train\bueno\banana_good_147.jpg
banana_good_182.jpg,banana,bueno,good,train,data\processed\balanced_raw\Good Quality_Fruits\Banana_Good\banana_good_182.jpg,data\splits\train\bueno\banana_good_182.jpg
banana_good_162.jpg,banana,bueno,good,train,data\processed\balanced_raw\Good Quality_Fruits\Banana_Good\banana_good_162.jpg,data\splits\train\bueno\banana_good_162.jpg
banana_good_095.jpg,banana,bueno,good,train,data\processed\balanced_raw\Good Quality_Fruits\Banana_Good\banana_good_095.jpg,data\splits\train\bueno\banana_good_095.jpg
banana_good_112.jpg,banana,bueno,good,train,data\processed\balanced_raw\Good Quality_Fruits\Banana_Good\banana_good_112.jpg,data\splits\train\bueno\banana_good_112.jpg
banana_good_048.jpg,banana,bueno,good,train,data\processed\balanced_raw\Good Quality_Fruits\Banana_Good\banana_good_048.jpg,data\splits\train\bueno\banana_good_048.jpg
banana_good_187.jpg,banana,bueno,good,train,data\processed\balanced_raw\Good Quality_Fruits\Banana_Good\banana_good_187.jpg,data\splits\train\bueno\banana_good_187.jpg
banana_good_073.jpg,banana,bueno,good,train,data\processed\balanced_raw\Good Quality_Fruits\Banana_Good\banana_good_073.jpg,data\splits\train\bueno\banana_good_073.jpg
banana_good_056.jpg,banana,bueno,good,train,data\processed\balanced_raw\Good Quality_Fruits\Banana_Good\banana_good_056.jpg,data\splits\train\bueno\banana_good_056.jpg
banana_good_068.jpg,banana,bueno,good,train,data\processed\balanced_raw\Good Quality_Fruits\Banana_Good\banana_good_068.jpg,data\splits\train\bueno\banana_good_068.jpg
banana_good_070.jpg,banana,bueno,good,train,data\processed\balanced_raw\Good Quality_Fruits\Banana_Good\banana_good_070.jpg,data\splits\train\bueno\banana_good_070.jpg
banana_good_076.jpg,banana,bueno,good,train,data\processed\balanced_raw\Good Quality_Fruits\Banana_Good\banana_good_076.jpg,data\splits\train\bueno\banana_good_076.jpg
banana_good_082.jpg,banana,bueno,good,train,data\processed\balanced_raw\Good Quality_Fruits\Banana_Good\banana_good_082.jpg,data\splits\train\bueno\banana_good_082.jpg
banana_good_010.jpg,banana,bueno,good,train,data\processed\balanced_raw\Good Quality_Fruits\Banana_Good\banana_good_010.jpg,data\splits\train\bueno\banana_good_010.jpg
banana_good_050.jpg,banana,bueno,good,train,data\processed\balanced_raw\Good Quality_Fruits\Banana_Good\banana_good_050.jpg,data\splits\train\bueno\banana_good_050.jpg
banana_good_026.jpg,banana,bueno,good,train,data\processed\balanced_raw\Good Quality_Fruits\Banana_Good\banana_good_026.jpg,data\splits\train\bueno\banana_good_026.jpg
banana_good_141.jpg,banana,bueno,good,train,data\processed\balanced_raw\Good Quality_Fruits\Banana_Good\banana_good_141.jpg,data\splits\train\bueno\banana_good_141.jpg
banana_good_153.jpg,banana,bueno,good,train,data\processed\balanced_raw\Good Quality_Fruits\Banana_Good\banana_good_153.jpg,data\splits\train\bueno\banana_good_153.jpg
banana_good_191.jpg,banana,bueno,good,train,data\processed\balanced_raw\Good Quality_Fruits\Banana_Good\banana_good_191.jpg,data\splits\train\bueno\banana_good_191.jpg
banana_good_110.jpg,banana,bueno,good,train,data\processed\balanced_raw\Good Quality_Fruits\Banana_Good\banana_good_110.jpg,data\splits\train\bueno\banana_good_110.jpg
banana_good_044.jpg,banana,bueno,good,train,data\processed\balanced_raw\Good Quality_Fruits\Banana_Good\banana_good_044.jpg,data\splits\train\bueno\banana_good_044.jpg
banana_good_124.jpg,banana,bueno,good,train,data\processed\balanced_raw\Good Quality_Fruits\Banana_Good\banana_good_124.jpg,data\splits\train\bueno\banana_good_124.jpg
banana_good_192.jpg,banana,bueno,good,train,data\processed\balanced_raw\Good Quality_Fruits\Banana_Good\banana_good_192.jpg,data\splits\train\bueno\banana_good_192.jpg
banana_good_163.jpg,banana,bueno,good,train,data\processed\balanced_raw\Good Quality_Fruits\Banana_Good\banana_good_163.jpg,data\splits\train\bueno\banana_good_163.jpg
banana_good_103.jpg,banana,bueno,good,train,data\processed\balanced_raw\Good Quality_Fruits\Banana_Good\banana_good_103.jpg,data\splits\train\bueno\banana_good_103.jpg
banana_good_101.jpg,banana,bueno,good,train,data\processed\balanced_raw\Good Quality_Fruits\Banana_Good\banana_good_101.jpg,data\splits\train\bueno\banana_good_101.jpg
banana_good_098.jpg,banana,bueno,good,train,data\processed\balanced_raw\Good Quality_Fruits\Banana_Good\banana_good_098.jpg,data\splits\train\bueno\banana_good_098.jpg
banana_good_029.jpg,banana,bueno,good,train,data\processed\balanced_raw\Good Quality_Fruits\Banana_Good\banana_good_029.jpg,data\splits\train\bueno\banana_good_029.jpg
banana_good_185.jpg,banana,bueno,good,train,data\processed\balanced_raw\Good Quality_Fruits\Banana_Good\banana_good_185.jpg,data\splits\train\bueno\banana_good_185.jpg
banana_good_135.jpg,banana,bueno,good,train,data\processed\balanced_raw\Good Quality_Fruits\Banana_Good\banana_good_135.jpg,data\splits\train\bueno\banana_good_135.jpg
banana_good_199.jpg,banana,bueno,good,train,data\processed\balanced_raw\Good Quality_Fruits\Banana_Good\banana_good_199.jpg,data\splits\train\bueno\banana_good_199.jpg
banana_good_099.jpg,banana,bueno,good,train,data\processed\balanced_raw\Good Quality_Fruits\Banana_Good\banana_good_099.jpg,data\splits\train\bueno\banana_good_099.jpg
banana_good_138.jpg,banana,bueno,good,train,data\processed\balanced_raw\Good Quality_Fruits\Banana_Good\banana_good_138.jpg,data\splits\train\bueno\banana_good_138.jpg
banana_good_033.jpg,banana,bueno,good,train,data\processed\balanced_raw\Good Quality_Fruits\Banana_Good\banana_good_033.jpg,data\splits\train\bueno\banana_good_033.jpg
banana_good_061.jpg,banana,bueno,good,train,data\processed\balanced_raw\Good Quality_Fruits\Banana_Good\banana_good_061.jpg,data\splits\train\bueno\banana_good_061.jpg
banana_good_051.jpg,banana,bueno,good,train,data\processed\balanced_raw\Good Quality_Fruits\Banana_Good\banana_good_051.jpg,data\splits\train\bueno\banana_good_051.jpg
banana_good_086.jpg,banana,bueno,good,train,data\processed\balanced_raw\Good Quality_Fruits\Banana_Good\banana_good_086.jpg,data\splits\train\bueno\banana_good_086.jpg
banana_good_151.jpg,banana,bueno,good,train,data\processed\balanced_raw\Good Quality_Fruits\Banana_Good\banana_good_151.jpg,data\splits\train\bueno\banana_good_151.jpg
banana_good_172.jpg,banana,bueno,good,train,data\processed\balanced_raw\Good Quality_Fruits\Banana_Good\banana_good_172.jpg,data\splits\train\bueno\banana_good_172.jpg
banana_good_075.jpg,banana,bueno,good,train,data\processed\balanced_raw\Good Quality_Fruits\Banana_Good\banana_good_075.jpg,data\splits\train\bueno\banana_good_075.jpg
banana_good_173.jpg,banana,bueno,good,val,data\processed\balanced_raw\Good Quality_Fruits\Banana_Good\banana_good_173.jpg,data\splits\val\bueno\banana_good_173.jpg
banana_good_038.jpg,banana,bueno,good,val,data\processed\balanced_raw\Good Quality_Fruits\Banana_Good\banana_good_038.jpg,data\splits\val\bueno\banana_good_038.jpg
banana_good_198.jpg,banana,bueno,good,val,data\processed\balanced_raw\Good Quality_Fruits\Banana_Good\banana_good_198.jpg,data\splits\val\bueno\banana_good_198.jpg
banana_good_184.jpg,banana,bueno,good,val,data\processed\balanced_raw\Good Quality_Fruits\Banana_Good\banana_good_184.jpg,data\splits\val\bueno\banana_good_184.jpg
banana_good_193.jpg,banana,bueno,good,val,data\processed\balanced_raw\Good Quality_Fruits\Banana_Good\banana_good_193.jpg,data\splits\val\bueno\banana_good_193.jpg
banana_good_137.jpg,banana,bueno,good,val,data\processed\balanced_raw\Good Quality_Fruits\Banana_Good\banana_good_137.jpg,data\splits\val\bueno\banana_good_137.jpg
banana_good_087.jpg,banana,bueno,good,val,data\processed\balanced_raw\Good Quality_Fruits\Banana_Good\banana_good_087.jpg,data\splits\val\bueno\banana_good_087.jpg
banana_good_011.jpg,banana,bueno,good,val,data\processed\balanced_raw\Good Quality_Fruits\Banana_Good\banana_good_011.jpg,data\splits\val\bueno\banana_good_011.jpg
banana_good_132.jpg,banana,bueno,good,val,data\processed\balanced_raw\Good Quality_Fruits\Banana_Good\banana_good_132.jpg,data\splits\val\bueno\banana_good_132.jpg
banana_good_040.jpg,banana,bueno,good,test,data\processed\balanced_raw\Good Quality_Fruits\Banana_Good\banana_good_040.jpg,data\splits\test\bueno\banana_good_040.jpg
banana_good_157.jpg,banana,bueno,good,test,data\processed\balanced_raw\Good Quality_Fruits\Banana_Good\banana_good_157.jpg,data\splits\test\bueno\banana_good_157.jpg
banana_good_027.jpg,banana,bueno,good,test,data\processed\balanced_raw\Good Quality_Fruits\Banana_Good\banana_good_027.jpg,data\splits\test\bueno\banana_good_027.jpg
banana_good_035.jpg,banana,bueno,good,test,data\processed\balanced_raw\Good Quality_Fruits\Banana_Good\banana_good_035.jpg,data\splits\test\bueno\banana_good_035.jpg
banana_good_005.jpg,banana,bueno,good,test,data\processed\balanced_raw\Good Quality_Fruits\Banana_Good\banana_good_005.jpg,data\splits\test\bueno\banana_good_005.jpg
banana_good_200.jpg,banana,bueno,good,test,data\processed\balanced_raw\Good Quality_Fruits\Banana_Good\banana_good_200.jpg,data\splits\test\bueno\banana_good_200.jpg
banana_good_100.jpg,banana,bueno,good,test,data\processed\balanced_raw\Good Quality_Fruits\Banana_Good\banana_good_100.jpg,data\splits\test\bueno\banana_good_100.jpg
banana_good_158.jpg,banana,bueno,good,test,data\processed\balanced_raw\Good Quality_Fruits\Banana_Good\banana_good_158.jpg,data\splits\test\bueno\banana_good_158.jpg
banana_good_133.jpg,banana,bueno,good,test,data\processed\balanced_raw\Good Quality_Fruits\Banana_Good\banana_good_133.jpg,data\splits\test\bueno\banana_good_133.jpg
guava_good_175.jpg,guava,bueno,good,train,data\processed\balanced_raw\Good Quality_Fruits\Guava_Good\guava_good_175.jpg,data\splits\train\bueno\guava_good_175.jpg
guava_good_058.jpg,guava,bueno,good,train,data\processed\balanced_raw\Good Quality_Fruits\Guava_Good\guava_good_058.jpg,data\splits\train\bueno\guava_good_058.jpg
guava_good_133.jpg,guava,bueno,good,train,data\processed\balanced_raw\Good Quality_Fruits\Guava_Good\guava_good_133.jpg,data\splits\train\bueno\guava_good_133.jpg
guava_good_119.jpg,guava,bueno,good,train,data\processed\balanced_raw\Good Quality_Fruits\Guava_Good\guava_good_119.jpg,data\splits\train\bueno\guava_good_119.jpg
guava_good_056.jpg,guava,bueno,good,train,data\processed\balanced_raw\Good Quality_Fruits\Guava_Good\guava_good_056.jpg,data\splits\train\bueno\guava_good_056.jpg
guava_good_076.jpg,guava,bueno,good,train,data\processed\balanced_raw\Good Quality_Fruits\Guava_Good\guava_good_076.jpg,data\splits\train\bueno\guava_good_076.jpg
guava_good_129.jpg,guava,bueno,good,train,data\processed\balanced_raw\Good Quality_Fruits\Guava_Good\guava_good_129.jpg,data\splits\train\bueno\guava_good_129.jpg
guava_good_041.jpg,guava,bueno,good,train,data\processed\balanced_raw\Good Quality_Fruits\Guava_Good\guava_good_041.jpg,data\splits\train\bueno\guava_good_041.jpg
guava_good_020.jpg,guava,bueno,good,train,data\processed\balanced_raw\Good Quality_Fruits\Guava_Good\guava_good_020.jpg,data\splits\train\bueno\guava_good_020.jpg
guava_good_115.jpg,guava,bueno,good,train,data\processed\balanced_raw\Good Quality_Fruits\Guava_Good\guava_good_115.jpg,data\splits\train\bueno\guava_good_115.jpg
guava_good_106.jpg,guava,bueno,good,train,data\processed\balanced_raw\Good Quality_Fruits\Guava_Good\guava_good_106.jpg,data\splits\train\bueno\guava_good_106.jpg
guava_good_079.jpg,guava,bueno,good,train,data\processed\balanced_raw\Good Quality_Fruits\Guava_Good\guava_good_079.jpg,data\splits\train\bueno\guava_good_079.jpg
guava_good_038.jpg,guava,bueno,good,train,data\processed\balanced_raw\Good Quality_Fruits\Guava_Good\guava_good_038.jpg,data\splits\train\bueno\guava_good_038.jpg
guava_good_191.jpg,guava,bueno,good,train,data\processed\balanced_raw\Good Quality_Fruits\Guava_Good\guava_good_191.jpg,data\splits\train\bueno\guava_good_191.jpg
guava_good_160.jpg,guava,bueno,good,train,data\processed\balanced_raw\Good Quality_Fruits\Guava_Good\guava_good_160.jpg,data\splits\train\bueno\guava_good_160.jpg
guava_good_015.jpg,guava,bueno,good,train,data\processed\balanced_raw\Good Quality_Fruits\Guava_Good\guava_good_015.jpg,data\splits\train\bueno\guava_good_015.jpg
guava_good_125.jpg,guava,bueno,good,train,data\processed\balanced_raw\Good Quality_Fruits\Guava_Good\guava_good_125.jpg,data\splits\train\bueno\guava_good_125.jpg
guava_good_043.jpg,guava,bueno,good,train,data\processed\balanced_raw\Good Quality_Fruits\Guava_Good\guava_good_043.jpg,data\splits\train\bueno\guava_good_043.jpg
guava_good_157.jpg,guava,bueno,good,train,data\processed\balanced_raw\Good Quality_Fruits\Guava_Good\guava_good_157.jpg,data\splits\train\bueno\guava_good_157.jpg
guava_good_114.jpg,guava,bueno,good,train,data\processed\balanced_raw\Good Quality_Fruits\Guava_Good\guava_good_114.jpg,data\splits\train\bueno\guava_good_114.jpg
guava_good_162.jpg,guava,bueno,good,train,data\processed\balanced_raw\Good Quality_Fruits\Guava_Good\guava_good_162.jpg,data\splits\train\bueno\guava_good_162.jpg
guava_good_183.jpg,guava,bueno,good,train,data\processed\balanced_raw\Good Quality_Fruits\Guava_Good\guava_good_183.jpg,data\splits\train\bueno\guava_good_183.jpg
guava_good_100.jpg,guava,bueno,good,train,data\processed\balanced_raw\Good Quality_Fruits\Guava_Good\guava_good_100.jpg,data\splits\train\bueno\guava_good_100.jpg
guava_good_190.jpg,guava,bueno,good,train,data\processed\balanced_raw\Good Quality_Fruits\Guava_Good\guava_good_190.jpg,data\splits\train\bueno\guava_good_190.jpg
guava_good_185.jpg,guava,bueno,good,train,data\processed\balanced_raw\Good Quality_Fruits\Guava_Good\guava_good_185.jpg,data\splits\train\bueno\guava_good_185.jpg
guava_good_178.jpg,guava,bueno,good,train,data\processed\balanced_raw\Good Quality_Fruits\Guava_Good\guava_good_178.jpg,data\splits\train\bueno\guava_good_178.jpg
guava_good_121.jpg,guava,bueno,good,train,data\processed\balanced_raw\Good Quality_Fruits\Guava_Good\guava_good_121.jpg,data\splits\train\bueno\guava_good_121.jpg
guava_good_004.jpg,guava,bueno,good,train,data\processed\balanced_raw\Good Quality_Fruits\Guava_Good\guava_good_004.jpg,data\splits\train\bueno\guava_good_004.jpg
guava_good_055.jpg,guava,bueno,good,train,data\processed\balanced_raw\Good Quality_Fruits\Guava_Good\guava_good_055.jpg,data\splits\train\bueno\guava_good_055.jpg
guava_good_142.jpg,guava,bueno,good,train,data\processed\balanced_raw\Good Quality_Fruits\Guava_Good\guava_good_142.jpg,data\splits\train\bueno\guava_good_142.jpg
guava_good_172.jpg,guava,bueno,good,train,data\processed\balanced_raw\Good Quality_Fruits\Guava_Good\guava_good_172.jpg,data\splits\train\bueno\guava_good_172.jpg
guava_good_177.jpg,guava,bueno,good,train,data\processed\balanced_raw\Good Quality_Fruits\Guava_Good\guava_good_177.jpg,data\splits\train\bueno\guava_good_177.jpg
guava_good_052.jpg,guava,bueno,good,train,data\processed\balanced_raw\Good Quality_Fruits\Guava_Good\guava_good_052.jpg,data\splits\train\bueno\guava_good_052.jpg
guava_good_101.jpg,guava,bueno,good,train,data\processed\balanced_raw\Good Quality_Fruits\Guava_Good\guava_good_101.jpg,data\splits\train\bueno\guava_good_101.jpg
guava_good_170.jpg,guava,bueno,good,train,data\processed\balanced_raw\Good Quality_Fruits\Guava_Good\guava_good_170.jpg,data\splits\train\bueno\guava_good_170.jpg
guava_good_182.jpg,guava,bueno,good,train,data\processed\balanced_raw\Good Quality_Fruits\Guava_Good\guava_good_182.jpg,data\splits\train\bueno\guava_good_182.jpg
guava_good_137.jpg,guava,bueno,good,train,data\processed\balanced_raw\Good Quality_Fruits\Guava_Good\guava_good_137.jpg,data\splits\train\bueno\guava_good_137.jpg
guava_good_084.jpg,guava,bueno,good,train,data\processed\balanced_raw\Good Quality_Fruits\Guava_Good\guava_good_084.jpg,data\splits\train\bueno\guava_good_084.jpg
guava_good_195.jpg,guava,bueno,good,train,data\processed\balanced_raw\Good Quality_Fruits\Guava_Good\guava_good_195.jpg,data\splits\train\bueno\guava_good_195.jpg
guava_good_112.jpg,guava,bueno,good,train,data\processed\balanced_raw\Good Quality_Fruits\Guava_Good\guava_good_112.jpg,data\splits\train\bueno\guava_good_112.jpg
guava_good_136.jpg,guava,bueno,good,train,data\processed\balanced_raw\Good Quality_Fruits\Guava_Good\guava_good_136.jpg,data\splits\train\bueno\guava_good_136.jpg
guava_good_028.jpg,guava,bueno,good,train,data\processed\balanced_raw\Good Quality_Fruits\Guava_Good\guava_good_028.jpg,data\splits\train\bueno\guava_good_028.jpg
guava_good_014.jpg,guava,bueno,good,val,data\processed\balanced_raw\Good Quality_Fruits\Guava_Good\guava_good_014.jpg,data\splits\val\bueno\guava_good_014.jpg
guava_good_164.jpg,guava,bueno,good,val,data\processed\balanced_raw\Good Quality_Fruits\Guava_Good\guava_good_164.jpg,data\splits\val\bueno\guava_good_164.jpg
guava_good_135.jpg,guava,bueno,good,val,data\processed\balanced_raw\Good Quality_Fruits\Guava_Good\guava_good_135.jpg,data\splits\val\bueno\guava_good_135.jpg
guava_good_046.jpg,guava,bueno,good,val,data\processed\balanced_raw\Good Quality_Fruits\Guava_Good\guava_good_046.jpg,data\splits\val\bueno\guava_good_046.jpg
guava_good_067.jpg,guava,bueno,good,val,data\processed\balanced_raw\Good Quality_Fruits\Guava_Good\guava_good_067.jpg,data\splits\val\bueno\guava_good_067.jpg
guava_good_031.jpg,guava,bueno,good,val,data\processed\balanced_raw\Good Quality_Fruits\Guava_Good\guava_good_031.jpg,data\splits\val\bueno\guava_good_031.jpg
guava_good_005.jpg,guava,bueno,good,val,data\processed\balanced_raw\Good Quality_Fruits\Guava_Good\guava_good_005.jpg,data\splits\val\bueno\guava_good_005.jpg
guava_good_092.jpg,guava,bueno,good,val,data\processed\balanced_raw\Good Quality_Fruits\Guava_Good\guava_good_092.jpg,data\splits\val\bueno\guava_good_092.jpg
guava_good_128.jpg,guava,bueno,good,val,data\processed\balanced_raw\Good Quality_Fruits\Guava_Good\guava_good_128.jpg,data\splits\val\bueno\guava_good_128.jpg
guava_good_159.jpg,guava,bueno,good,test,data\processed\balanced_raw\Good Quality_Fruits\Guava_Good\guava_good_159.jpg,data\splits\test\bueno\guava_good_159.jpg
guava_good_105.jpg,guava,bueno,good,test,data\processed\balanced_raw\Good Quality_Fruits\Guava_Good\guava_good_105.jpg,data\splits\test\bueno\guava_good_105.jpg
guava_good_123.jpg,guava,bueno,good,test,data\processed\balanced_raw\Good Quality_Fruits\Guava_Good\guava_good_123.jpg,data\splits\test\bueno\guava_good_123.jpg
guava_good_145.jpg,guava,bueno,good,test,data\processed\balanced_raw\Good Quality_Fruits\Guava_Good\guava_good_145.jpg,data\splits\test\bueno\guava_good_145.jpg
guava_good_098.jpg,guava,bueno,good,test,data\processed\balanced_raw\Good Quality_Fruits\Guava_Good\guava_good_098.jpg,data\splits\test\bueno\guava_good_098.jpg
guava_good_070.jpg,guava,bueno,good,test,data\processed\balanced_raw\Good Quality_Fruits\Guava_Good\guava_good_070.jpg,data\splits\test\bueno\guava_good_070.jpg
guava_good_174.jpg,guava,bueno,good,test,data\processed\balanced_raw\Good Quality_Fruits\Guava_Good\guava_good_174.jpg,data\splits\test\bueno\guava_good_174.jpg
guava_good_018.jpg,guava,bueno,good,test,data\processed\balanced_raw\Good Quality_Fruits\Guava_Good\guava_good_018.jpg,data\splits\test\bueno\guava_good_018.jpg
guava_good_184.jpg,guava,bueno,good,test,data\processed\balanced_raw\Good Quality_Fruits\Guava_Good\guava_good_184.jpg,data\splits\test\bueno\guava_good_184.jpg
lime_good_060.jpg,lime,bueno,good,train,data\processed\balanced_raw\Good Quality_Fruits\Lime_Good\lime_good_060.jpg,data\splits\train\bueno\lime_good_060.jpg
lime_good_050.jpg,lime,bueno,good,train,data\processed\balanced_raw\Good Quality_Fruits\Lime_Good\lime_good_050.jpg,data\splits\train\bueno\lime_good_050.jpg
lime_good_022.jpg,lime,bueno,good,train,data\processed\balanced_raw\Good Quality_Fruits\Lime_Good\lime_good_022.jpg,data\splits\train\bueno\lime_good_022.jpg
lime_good_081.jpg,lime,bueno,good,train,data\processed\balanced_raw\Good Quality_Fruits\Lime_Good\lime_good_081.jpg,data\splits\train\bueno\lime_good_081.jpg
lime_good_145.jpg,lime,bueno,good,train,data\processed\balanced_raw\Good Quality_Fruits\Lime_Good\lime_good_145.jpg,data\splits\train\bueno\lime_good_145.jpg
lime_good_113.jpg,lime,bueno,good,train,data\processed\balanced_raw\Good Quality_Fruits\Lime_Good\lime_good_113.jpg,data\splits\train\bueno\lime_good_113.jpg
lime_good_200.jpg,lime,bueno,good,train,data\processed\balanced_raw\Good Quality_Fruits\Lime_Good\lime_good_200.jpg,data\splits\train\bueno\lime_good_200.jpg
lime_good_191.jpg,lime,bueno,good,train,data\processed\balanced_raw\Good Quality_Fruits\Lime_Good\lime_good_191.jpg,data\splits\train\bueno\lime_good_191.jpg
lime_good_187.jpg,lime,bueno,good,train,data\processed\balanced_raw\Good Quality_Fruits\Lime_Good\lime_good_187.jpg,data\splits\train\bueno\lime_good_187.jpg
lime_good_174.jpg,lime,bueno,good,train,data\processed\balanced_raw\Good Quality_Fruits\Lime_Good\lime_good_174.jpg,data\splits\train\bueno\lime_good_174.jpg
lime_good_082.jpg,lime,bueno,good,train,data\processed\balanced_raw\Good Quality_Fruits\Lime_Good\lime_good_082.jpg,data\splits\train\bueno\lime_good_082.jpg
lime_good_014.jpg,lime,bueno,good,train,data\processed\balanced_raw\Good Quality_Fruits\Lime_Good\lime_good_014.jpg,data\splits\train\bueno\lime_good_014.jpg
lime_good_181.jpg,lime,bueno,good,train,data\processed\balanced_raw\Good Quality_Fruits\Lime_Good\lime_good_181.jpg,data\splits\train\bueno\lime_good_181.jpg
lime_good_114.jpg,lime,bueno,good,train,data\processed\balanced_raw\Good Quality_Fruits\Lime_Good\lime_good_114.jpg,data\splits\train\bueno\lime_good_114.jpg
lime_good_057.jpg,lime,bueno,good,train,data\processed\balanced_raw\Good Quality_Fruits\Lime_Good\lime_good_057.jpg,data\splits\train\bueno\lime_good_057.jpg
lime_good_155.jpg,lime,bueno,good,train,data\processed\balanced_raw\Good Quality_Fruits\Lime_Good\lime_good_155.jpg,data\splits\train\bueno\lime_good_155.jpg
lime_good_054.jpg,lime,bueno,good,train,data\processed\balanced_raw\Good Quality_Fruits\Lime_Good\lime_good_054.jpg,data\splits\train\bueno\lime_good_054.jpg
lime_good_180.jpg,lime,bueno,good,train,data\processed\balanced_raw\Good Quality_Fruits\Lime_Good\lime_good_180.jpg,data\splits\train\bueno\lime_good_180.jpg
lime_good_055.jpg,lime,bueno,good,train,data\processed\balanced_raw\Good Quality_Fruits\Lime_Good\lime_good_055.jpg,data\splits\train\bueno\lime_good_055.jpg
lime_good_196.jpg,lime,bueno,good,train,data\processed\balanced_raw\Good Quality_Fruits\Lime_Good\lime_good_196.jpg,data\splits\train\bueno\lime_good_196.jpg
lime_good_009.jpg,lime,bueno,good,train,data\processed\balanced_raw\Good Quality_Fruits\Lime_Good\lime_good_009.jpg,data\splits\train\bueno\lime_good_009.jpg
lime_good_175.jpg,lime,bueno,good,train,data\processed\balanced_raw\Good Quality_Fruits\Lime_Good\lime_good_175.jpg,data\splits\train\bueno\lime_good_175.jpg
lime_good_015.jpg,lime,bueno,good,train,data\processed\balanced_raw\Good Quality_Fruits\Lime_Good\lime_good_015.jpg,data\splits\train\bueno\lime_good_015.jpg
lime_good_019.jpg,lime,bueno,good,train,data\processed\balanced_raw\Good Quality_Fruits\Lime_Good\lime_good_019.jpg,data\splits\train\bueno\lime_good_019.jpg
lime_good_159.jpg,lime,bueno,good,train,data\processed\balanced_raw\Good Quality_Fruits\Lime_Good\lime_good_159.jpg,data\splits\train\bueno\lime_good_159.jpg
lime_good_027.jpg,lime,bueno,good,train,data\processed\balanced_raw\Good Quality_Fruits\Lime_Good\lime_good_027.jpg,data\splits\train\bueno\lime_good_027.jpg
lime_good_108.jpg,lime,bueno,good,train,data\processed\balanced_raw\Good Quality_Fruits\Lime_Good\lime_good_108.jpg,data\splits\train\bueno\lime_good_108.jpg
lime_good_021.jpg,lime,bueno,good,train,data\processed\balanced_raw\Good Quality_Fruits\Lime_Good\lime_good_021.jpg,data\splits\train\bueno\lime_good_021.jpg
lime_good_197.jpg,lime,bueno,good,train,data\processed\balanced_raw\Good Quality_Fruits\Lime_Good\lime_good_197.jpg,data\splits\train\bueno\lime_good_197.jpg
lime_good_091.jpg,lime,bueno,good,train,data\processed\balanced_raw\Good Quality_Fruits\Lime_Good\lime_good_091.jpg,data\splits\train\bueno\lime_good_091.jpg
lime_good_013.jpg,lime,bueno,good,train,data\processed\balanced_raw\Good Quality_Fruits\Lime_Good\lime_good_013.jpg,data\splits\train\bueno\lime_good_013.jpg
lime_good_077.jpg,lime,bueno,good,train,data\processed\balanced_raw\Good Quality_Fruits\Lime_Good\lime_good_077.jpg,data\splits\train\bueno\lime_good_077.jpg
lime_good_194.jpg,lime,bueno,good,train,data\processed\balanced_raw\Good Quality_Fruits\Lime_Good\lime_good_194.jpg,data\splits\train\bueno\lime_good_194.jpg
lime_good_016.jpg,lime,bueno,good,train,data\processed\balanced_raw\Good Quality_Fruits\Lime_Good\lime_good_016.jpg,data\splits\train\bueno\lime_good_016.jpg
lime_good_040.jpg,lime,bueno,good,train,data\processed\balanced_raw\Good Quality_Fruits\Lime_Good\lime_good_040.jpg,data\splits\train\bueno\lime_good_040.jpg
lime_good_107.jpg,lime,bueno,good,train,data\processed\balanced_raw\Good Quality_Fruits\Lime_Good\lime_good_107.jpg,data\splits\train\bueno\lime_good_107.jpg
lime_good_109.jpg,lime,bueno,good,train,data\processed\balanced_raw\Good Quality_Fruits\Lime_Good\lime_good_109.jpg,data\splits\train\bueno\lime_good_109.jpg
lime_good_161.jpg,lime,bueno,good,train,data\processed\balanced_raw\Good Quality_Fruits\Lime_Good\lime_good_161.jpg,data\splits\train\bueno\lime_good_161.jpg
lime_good_189.jpg,lime,bueno,good,train,data\processed\balanced_raw\Good Quality_Fruits\Lime_Good\lime_good_189.jpg,data\splits\train\bueno\lime_good_189.jpg
lime_good_099.jpg,lime,bueno,good,train,data\processed\balanced_raw\Good Quality_Fruits\Lime_Good\lime_good_099.jpg,data\splits\train\bueno\lime_good_099.jpg
lime_good_104.jpg,lime,bueno,good,train,data\processed\balanced_raw\Good Quality_Fruits\Lime_Good\lime_good_104.jpg,data\splits\train\bueno\lime_good_104.jpg
lime_good_070.jpg,lime,bueno,good,train,data\processed\balanced_raw\Good Quality_Fruits\Lime_Good\lime_good_070.jpg,data\splits\train\bueno\lime_good_070.jpg
lime_good_146.jpg,lime,bueno,good,val,data\processed\balanced_raw\Good Quality_Fruits\Lime_Good\lime_good_146.jpg,data\splits\val\bueno\lime_good_146.jpg
lime_good_136.jpg,lime,bueno,good,val,data\processed\balanced_raw\Good Quality_Fruits\Lime_Good\lime_good_136.jpg,data\splits\val\bueno\lime_good_136.jpg
lime_good_129.jpg,lime,bueno,good,val,data\processed\balanced_raw\Good Quality_Fruits\Lime_Good\lime_good_129.jpg,data\splits\val\bueno\lime_good_129.jpg
lime_good_092.jpg,lime,bueno,good,val,data\processed\balanced_raw\Good Quality_Fruits\Lime_Good\lime_good_092.jpg,data\splits\val\bueno\lime_good_092.jpg
lime_good_051.jpg,lime,bueno,good,val,data\processed\balanced_raw\Good Quality_Fruits\Lime_Good\lime_good_051.jpg,data\splits\val\bueno\lime_good_051.jpg
lime_good_062.jpg,lime,bueno,good,val,data\processed\balanced_raw\Good Quality_Fruits\Lime_Good\lime_good_062.jpg,data\splits\val\bueno\lime_good_062.jpg
lime_good_184.jpg,lime,bueno,good,val,data\processed\balanced_raw\Good Quality_Fruits\Lime_Good\lime_good_184.jpg,data\splits\val\bueno\lime_good_184.jpg
lime_good_004.jpg,lime,bueno,good,val,data\processed\balanced_raw\Good Quality_Fruits\Lime_Good\lime_good_004.jpg,data\splits\val\bueno\lime_good_004.jpg
lime_good_115.jpg,lime,bueno,good,val,data\processed\balanced_raw\Good Quality_Fruits\Lime_Good\lime_good_115.jpg,data\splits\val\bueno\lime_good_115.jpg
lime_good_089.jpg,lime,bueno,good,test,data\processed\balanced_raw\Good Quality_Fruits\Lime_Good\lime_good_089.jpg,data\splits\test\bueno\lime_good_089.jpg
lime_good_065.jpg,lime,bueno,good,test,data\processed\balanced_raw\Good Quality_Fruits\Lime_Good\lime_good_065.jpg,data\splits\test\bueno\lime_good_065.jpg
lime_good_116.jpg,lime,bueno,good,test,data\processed\balanced_raw\Good Quality_Fruits\Lime_Good\lime_good_116.jpg,data\splits\test\bueno\lime_good_116.jpg
lime_good_142.jpg,lime,bueno,good,test,data\processed\balanced_raw\Good Quality_Fruits\Lime_Good\lime_good_142.jpg,data\splits\test\bueno\lime_good_142.jpg
lime_good_042.jpg,lime,bueno,good,test,data\processed\balanced_raw\Good Quality_Fruits\Lime_Good\lime_good_042.jpg,data\splits\test\bueno\lime_good_042.jpg
lime_good_166.jpg,lime,bueno,good,test,data\processed\balanced_raw\Good Quality_Fruits\Lime_Good\lime_good_166.jpg,data\splits\test\bueno\lime_good_166.jpg
lime_good_153.jpg,lime,bueno,good,test,data\processed\balanced_raw\Good Quality_Fruits\Lime_Good\lime_good_153.jpg,data\splits\test\bueno\lime_good_153.jpg
lime_good_085.jpg,lime,bueno,good,test,data\processed\balanced_raw\Good Quality_Fruits\Lime_Good\lime_good_085.jpg,data\splits\test\bueno\lime_good_085.jpg
lime_good_152.jpg,lime,bueno,good,test,data\processed\balanced_raw\Good Quality_Fruits\Lime_Good\lime_good_152.jpg,data\splits\test\bueno\lime_good_152.jpg
orange_good_016.jpg,orange,bueno,good,train,data\processed\balanced_raw\Good Quality_Fruits\Orange_Good\orange_good_016.jpg,data\splits\train\bueno\orange_good_016.jpg
orange_good_006.jpg,orange,bueno,good,train,data\processed\balanced_raw\Good Quality_Fruits\Orange_Good\orange_good_006.jpg,data\splits\train\bueno\orange_good_006.jpg
orange_good_057.jpg,orange,bueno,good,train,data\processed\balanced_raw\Good Quality_Fruits\Orange_Good\orange_good_057.jpg,data\splits\train\bueno\orange_good_057.jpg
orange_good_089.jpg,orange,bueno,good,train,data\processed\balanced_raw\Good Quality_Fruits\Orange_Good\orange_good_089.jpg,data\splits\train\bueno\orange_good_089.jpg
orange_good_151.jpg,orange,bueno,good,train,data\processed\balanced_raw\Good Quality_Fruits\Orange_Good\orange_good_151.jpg,data\splits\train\bueno\orange_good_151.jpg
orange_good_103.jpg,orange,bueno,good,train,data\processed\balanced_raw\Good Quality_Fruits\Orange_Good\orange_good_103.jpg,data\splits\train\bueno\orange_good_103.jpg
orange_good_073.jpg,orange,bueno,good,train,data\processed\balanced_raw\Good Quality_Fruits\Orange_Good\orange_good_073.jpg,data\splits\train\bueno\orange_good_073.jpg
orange_good_040.jpg,orange,bueno,good,train,data\processed\balanced_raw\Good Quality_Fruits\Orange_Good\orange_good_040.jpg,data\splits\train\bueno\orange_good_040.jpg
orange_good_007.jpg,orange,bueno,good,train,data\processed\balanced_raw\Good Quality_Fruits\Orange_Good\orange_good_007.jpg,data\splits\train\bueno\orange_good_007.jpg
orange_good_041.jpg,orange,bueno,good,train,data\processed\balanced_raw\Good Quality_Fruits\Orange_Good\orange_good_041.jpg,data\splits\train\bueno\orange_good_041.jpg
orange_good_077.jpg,orange,bueno,good,train,data\processed\balanced_raw\Good Quality_Fruits\Orange_Good\orange_good_077.jpg,data\splits\train\bueno\orange_good_077.jpg
orange_good_203.jpeg,orange,bueno,good,train,data\processed\balanced_raw\Good Quality_Fruits\Orange_Good\orange_good_203.jpeg,data\splits\train\bueno\orange_good_203.jpeg
orange_good_019.jpg,orange,bueno,good,train,data\processed\balanced_raw\Good Quality_Fruits\Orange_Good\orange_good_019.jpg,data\splits\train\bueno\orange_good_019.jpg
orange_good_177.jpg,orange,bueno,good,train,data\processed\balanced_raw\Good Quality_Fruits\Orange_Good\orange_good_177.jpg,data\splits\train\bueno\orange_good_177.jpg
orange_good_111.jpg,orange,bueno,good,train,data\processed\balanced_raw\Good Quality_Fruits\Orange_Good\orange_good_111.jpg,data\splits\train\bueno\orange_good_111.jpg
orange_good_015.jpg,orange,bueno,good,train,data\processed\balanced_raw\Good Quality_Fruits\Orange_Good\orange_good_015.jpg,data\splits\train\bueno\orange_good_015.jpg
orange_good_074.jpg,orange,bueno,good,train,data\processed\balanced_raw\Good Quality_Fruits\Orange_Good\orange_good_074.jpg,data\splits\train\bueno\orange_good_074.jpg
orange_good_055.jpg,orange,bueno,good,train,data\processed\balanced_raw\Good Quality_Fruits\Orange_Good\orange_good_055.jpg,data\splits\train\bueno\orange_good_055.jpg
orange_good_122.jpg,orange,bueno,good,train,data\processed\balanced_raw\Good Quality_Fruits\Orange_Good\orange_good_122.jpg,data\splits\train\bueno\orange_good_122.jpg
orange_good_161.jpg,orange,bueno,good,train,data\processed\balanced_raw\Good Quality_Fruits\Orange_Good\orange_good_161.jpg,data\splits\train\bueno\orange_good_161.jpg
orange_good_084.jpg,orange,bueno,good,train,data\processed\balanced_raw\Good Quality_Fruits\Orange_Good\orange_good_084.jpg,data\splits\train\bueno\orange_good_084.jpg
orange_good_031.jpg,orange,bueno,good,train,data\processed\balanced_raw\Good Quality_Fruits\Orange_Good\orange_good_031.jpg,data\splits\train\bueno\orange_good_031.jpg
orange_good_008.jpg,orange,bueno,good,train,data\processed\balanced_raw\Good Quality_Fruits\Orange_Good\orange_good_008.jpg,data\splits\train\bueno\orange_good_008.jpg
orange_good_045.jpg,orange,bueno,good,train,data\processed\balanced_raw\Good Quality_Fruits\Orange_Good\orange_good_045.jpg,data\splits\train\bueno\orange_good_045.jpg
orange_good_163.jpg,orange,bueno,good,train,data\processed\balanced_raw\Good Quality_Fruits\Orange_Good\orange_good_163.jpg,data\splits\train\bueno\orange_good_163.jpg
orange_good_194.jpg,orange,bueno,good,train,data\processed\balanced_raw\Good Quality_Fruits\Orange_Good\orange_good_194.jpg,data\splits\train\bueno\orange_good_194.jpg
orange_good_153.jpg,orange,bueno,good,train,data\processed\balanced_raw\Good Quality_Fruits\Orange_Good\orange_good_153.jpg,data\splits\train\bueno\orange_good_153.jpg
orange_good_139.jpg,orange,bueno,good,train,data\processed\balanced_raw\Good Quality_Fruits\Orange_Good\orange_good_139.jpg,data\splits\train\bueno\orange_good_139.jpg
orange_good_159.jpg,orange,bueno,good,train,data\processed\balanced_raw\Good Quality_Fruits\Orange_Good\orange_good_159.jpg,data\splits\train\bueno\orange_good_159.jpg
orange_good_192.jpg,orange,bueno,good,train,data\processed\balanced_raw\Good Quality_Fruits\Orange_Good\orange_good_192.jpg,data\splits\train\bueno\orange_good_192.jpg
orange_good_079.jpg,orange,bueno,good,train,data\processed\balanced_raw\Good Quality_Fruits\Orange_Good\orange_good_079.jpg,data\splits\train\bueno\orange_good_079.jpg
orange_good_052.jpg,orange,bueno,good,train,data\processed\balanced_raw\Good Quality_Fruits\Orange_Good\orange_good_052.jpg,data\splits\train\bueno\orange_good_052.jpg
orange_good_170.jpg,orange,bueno,good,train,data\processed\balanced_raw\Good Quality_Fruits\Orange_Good\orange_good_170.jpg,data\splits\train\bueno\orange_good_170.jpg
orange_good_050.jpg,orange,bueno,good,train,data\processed\balanced_raw\Good Quality_Fruits\Orange_Good\orange_good_050.jpg,data\splits\train\bueno\orange_good_050.jpg
orange_good_123.jpg,orange,bueno,good,train,data\processed\balanced_raw\Good Quality_Fruits\Orange_Good\orange_good_123.jpg,data\splits\train\bueno\orange_good_123.jpg
orange_good_098.jpg,orange,bueno,good,train,data\processed\balanced_raw\Good Quality_Fruits\Orange_Good\orange_good_098.jpg,data\splits\train\bueno\orange_good_098.jpg
orange_good_038.jpg,orange,bueno,good,train,data\processed\balanced_raw\Good Quality_Fruits\Orange_Good\orange_good_038.jpg,data\splits\train\bueno\orange_good_038.jpg
orange_good_160.jpg,orange,bueno,good,train,data\processed\balanced_raw\Good Quality_Fruits\Orange_Good\orange_good_160.jpg,data\splits\train\bueno\orange_good_160.jpg
orange_good_155.jpg,orange,bueno,good,train,data\processed\balanced_raw\Good Quality_Fruits\Orange_Good\orange_good_155.jpg,data\splits\train\bueno\orange_good_155.jpg
orange_good_090.jpg,orange,bueno,good,train,data\processed\balanced_raw\Good Quality_Fruits\Orange_Good\orange_good_090.jpg,data\splits\train\bueno\orange_good_090.jpg
orange_good_105.jpg,orange,bueno,good,train,data\processed\balanced_raw\Good Quality_Fruits\Orange_Good\orange_good_105.jpg,data\splits\train\bueno\orange_good_105.jpg
orange_good_133.jpg,orange,bueno,good,train,data\processed\balanced_raw\Good Quality_Fruits\Orange_Good\orange_good_133.jpg,data\splits\train\bueno\orange_good_133.jpg
orange_good_096.jpg,orange,bueno,good,val,data\processed\balanced_raw\Good Quality_Fruits\Orange_Good\orange_good_096.jpg,data\splits\val\bueno\orange_good_096.jpg
orange_good_067.jpg,orange,bueno,good,val,data\processed\balanced_raw\Good Quality_Fruits\Orange_Good\orange_good_067.jpg,data\splits\val\bueno\orange_good_067.jpg
orange_good_127.jpg,orange,bueno,good,val,data\processed\balanced_raw\Good Quality_Fruits\Orange_Good\orange_good_127.jpg,data\splits\val\bueno\orange_good_127.jpg
orange_good_171.jpg,orange,bueno,good,val,data\processed\balanced_raw\Good Quality_Fruits\Orange_Good\orange_good_171.jpg,data\splits\val\bueno\orange_good_171.jpg
orange_good_189.jpg,orange,bueno,good,val,data\processed\balanced_raw\Good Quality_Fruits\Orange_Good\orange_good_189.jpg,data\splits\val\bueno\orange_good_189.jpg
orange_good_152.jpg,orange,bueno,good,val,data\processed\balanced_raw\Good Quality_Fruits\Orange_Good\orange_good_152.jpg,data\splits\val\bueno\orange_good_152.jpg
orange_good_164.jpg,orange,bueno,good,val,data\processed\balanced_raw\Good Quality_Fruits\Orange_Good\orange_good_164.jpg,data\splits\val\bueno\orange_good_164.jpg
orange_good_030.jpg,orange,bueno,good,val,data\processed\balanced_raw\Good Quality_Fruits\Orange_Good\orange_good_030.jpg,data\splits\val\bueno\orange_good_030.jpg
orange_good_181.jpg,orange,bueno,good,val,data\processed\balanced_raw\Good Quality_Fruits\Orange_Good\orange_good_181.jpg,data\splits\val\bueno\orange_good_181.jpg
orange_good_022.jpg,orange,bueno,good,test,data\processed\balanced_raw\Good Quality_Fruits\Orange_Good\orange_good_022.jpg,data\splits\test\bueno\orange_good_022.jpg
orange_good_049.jpg,orange,bueno,good,test,data\processed\balanced_raw\Good Quality_Fruits\Orange_Good\orange_good_049.jpg,data\splits\test\bueno\orange_good_049.jpg
orange_good_115.jpg,orange,bueno,good,test,data\processed\balanced_raw\Good Quality_Fruits\Orange_Good\orange_good_115.jpg,data\splits\test\bueno\orange_good_115.jpg
orange_good_012.jpg,orange,bueno,good,test,data\processed\balanced_raw\Good Quality_Fruits\Orange_Good\orange_good_012.jpg,data\splits\test\bueno\orange_good_012.jpg
orange_good_097.jpg,orange,bueno,good,test,data\processed\balanced_raw\Good Quality_Fruits\Orange_Good\orange_good_097.jpg,data\splits\test\bueno\orange_good_097.jpg
orange_good_107.jpg,orange,bueno,good,test,data\processed\balanced_raw\Good Quality_Fruits\Orange_Good\orange_good_107.jpg,data\splits\test\bueno\orange_good_107.jpg
orange_good_154.jpg,orange,bueno,good,test,data\processed\balanced_raw\Good Quality_Fruits\Orange_Good\orange_good_154.jpg,data\splits\test\bueno\orange_good_154.jpg
orange_good_165.jpg,orange,bueno,good,test,data\processed\balanced_raw\Good Quality_Fruits\Orange_Good\orange_good_165.jpg,data\splits\test\bueno\orange_good_165.jpg
orange_good_039.jpg,orange,bueno,good,test,data\processed\balanced_raw\Good Quality_Fruits\Orange_Good\orange_good_039.jpg,data\splits\test\bueno\orange_good_039.jpg
pomegranate_good_107.jpg,pomegranate,bueno,good,train,data\processed\balanced_raw\Good Quality_Fruits\Pomegranate_Good\pomegranate_good_107.jpg,data\splits\train\bueno\pomegranate_good_107.jpg
pomegranate_good_767.jpg,pomegranate,bueno,good,train,data\processed\balanced_raw\Good Quality_Fruits\Pomegranate_Good\pomegranate_good_767.jpg,data\splits\train\bueno\pomegranate_good_767.jpg
pomegranate_good_1035.jpg,pomegranate,bueno,good,train,data\processed\balanced_raw\Good Quality_Fruits\Pomegranate_Good\pomegranate_good_1035.jpg,data\splits\train\bueno\pomegranate_good_1035.jpg
pomegranate_good_1060.jpg,pomegranate,bueno,good,train,data\processed\balanced_raw\Good Quality_Fruits\Pomegranate_Good\pomegranate_good_1060.jpg,data\splits\train\bueno\pomegranate_good_1060.jpg
pomegranate_good_1085.jpg,pomegranate,bueno,good,train,data\processed\balanced_raw\Good Quality_Fruits\Pomegranate_Good\pomegranate_good_1085.jpg,data\splits\train\bueno\pomegranate_good_1085.jpg
pomegranate_good_059.jpg,pomegranate,bueno,good,train,data\processed\balanced_raw\Good Quality_Fruits\Pomegranate_Good\pomegranate_good_059.jpg,data\splits\train\bueno\pomegranate_good_059.jpg
pomegranate_good_460.jpg,pomegranate,bueno,good,train,data\processed\balanced_raw\Good Quality_Fruits\Pomegranate_Good\pomegranate_good_460.jpg,data\splits\train\bueno\pomegranate_good_460.jpg
pomegranate_good_316.jpg,pomegranate,bueno,good,train,data\processed\balanced_raw\Good Quality_Fruits\Pomegranate_Good\pomegranate_good_316.jpg,data\splits\train\bueno\pomegranate_good_316.jpg
pomegranate_good_090.jpg,pomegranate,bueno,good,train,data\processed\balanced_raw\Good Quality_Fruits\Pomegranate_Good\pomegranate_good_090.jpg,data\splits\train\bueno\pomegranate_good_090.jpg
pomegranate_good_716.jpg,pomegranate,bueno,good,train,data\processed\balanced_raw\Good Quality_Fruits\Pomegranate_Good\pomegranate_good_716.jpg,data\splits\train\bueno\pomegranate_good_716.jpg
pomegranate_good_334.jpg,pomegranate,bueno,good,train,data\processed\balanced_raw\Good Quality_Fruits\Pomegranate_Good\pomegranate_good_334.jpg,data\splits\train\bueno\pomegranate_good_334.jpg
pomegranate_good_433.jpg,pomegranate,bueno,good,train,data\processed\balanced_raw\Good Quality_Fruits\Pomegranate_Good\pomegranate_good_433.jpg,data\splits\train\bueno\pomegranate_good_433.jpg
pomegranate_good_1006.jpg,pomegranate,bueno,good,train,data\processed\balanced_raw\Good Quality_Fruits\Pomegranate_Good\pomegranate_good_1006.jpg,data\splits\train\bueno\pomegranate_good_1006.jpg
pomegranate_good_1235.jpg,pomegranate,bueno,good,train,data\processed\balanced_raw\Good Quality_Fruits\Pomegranate_Good\pomegranate_good_1235.jpg,data\splits\train\bueno\pomegranate_good_1235.jpg
pomegranate_good_1301.jpg,pomegranate,bueno,good,train,data\processed\balanced_raw\Good Quality_Fruits\Pomegranate_Good\pomegranate_good_1301.jpg,data\splits\train\bueno\pomegranate_good_1301.jpg
pomegranate_good_991.jpg,pomegranate,bueno,good,train,data\processed\balanced_raw\Good Quality_Fruits\Pomegranate_Good\pomegranate_good_991.jpg,data\splits\train\bueno\pomegranate_good_991.jpg
pomegranate_good_040.jpg,pomegranate,bueno,good,train,data\processed\balanced_raw\Good Quality_Fruits\Pomegranate_Good\pomegranate_good_040.jpg,data\splits\train\bueno\pomegranate_good_040.jpg
pomegranate_good_1355.jpg,pomegranate,bueno,good,train,data\processed\balanced_raw\Good Quality_Fruits\Pomegranate_Good\pomegranate_good_1355.jpg,data\splits\train\bueno\pomegranate_good_1355.jpg
pomegranate_good_1336.jpg,pomegranate,bueno,good,train,data\processed\balanced_raw\Good Quality_Fruits\Pomegranate_Good\pomegranate_good_1336.jpg,data\splits\train\bueno\pomegranate_good_1336.jpg
pomegranate_good_520.jpg,pomegranate,bueno,good,train,data\processed\balanced_raw\Good Quality_Fruits\Pomegranate_Good\pomegranate_good_520.jpg,data\splits\train\bueno\pomegranate_good_520.jpg
pomegranate_good_771.jpg,pomegranate,bueno,good,train,data\processed\balanced_raw\Good Quality_Fruits\Pomegranate_Good\pomegranate_good_771.jpg,data\splits\train\bueno\pomegranate_good_771.jpg
pomegranate_good_805.jpg,pomegranate,bueno,good,train,data\processed\balanced_raw\Good Quality_Fruits\Pomegranate_Good\pomegranate_good_805.jpg,data\splits\train\bueno\pomegranate_good_805.jpg
pomegranate_good_745.jpg,pomegranate,bueno,good,train,data\processed\balanced_raw\Good Quality_Fruits\Pomegranate_Good\pomegranate_good_745.jpg,data\splits\train\bueno\pomegranate_good_745.jpg
pomegranate_good_071.jpg,pomegranate,bueno,good,train,data\processed\balanced_raw\Good Quality_Fruits\Pomegranate_Good\pomegranate_good_071.jpg,data\splits\train\bueno\pomegranate_good_071.jpg
pomegranate_good_853.jpg,pomegranate,bueno,good,train,data\processed\balanced_raw\Good Quality_Fruits\Pomegranate_Good\pomegranate_good_853.jpg,data\splits\train\bueno\pomegranate_good_853.jpg
pomegranate_good_086.jpg,pomegranate,bueno,good,train,data\processed\balanced_raw\Good Quality_Fruits\Pomegranate_Good\pomegranate_good_086.jpg,data\splits\train\bueno\pomegranate_good_086.jpg
pomegranate_good_138.jpg,pomegranate,bueno,good,train,data\processed\balanced_raw\Good Quality_Fruits\Pomegranate_Good\pomegranate_good_138.jpg,data\splits\train\bueno\pomegranate_good_138.jpg
pomegranate_good_1125.jpg,pomegranate,bueno,good,train,data\processed\balanced_raw\Good Quality_Fruits\Pomegranate_Good\pomegranate_good_1125.jpg,data\splits\train\bueno\pomegranate_good_1125.jpg
pomegranate_good_209.jpg,pomegranate,bueno,good,train,data\processed\balanced_raw\Good Quality_Fruits\Pomegranate_Good\pomegranate_good_209.jpg,data\splits\train\bueno\pomegranate_good_209.jpg
pomegranate_good_807.jpg,pomegranate,bueno,good,train,data\processed\balanced_raw\Good Quality_Fruits\Pomegranate_Good\pomegranate_good_807.jpg,data\splits\train\bueno\pomegranate_good_807.jpg
pomegranate_good_670.jpg,pomegranate,bueno,good,train,data\processed\balanced_raw\Good Quality_Fruits\Pomegranate_Good\pomegranate_good_670.jpg,data\splits\train\bueno\pomegranate_good_670.jpg
pomegranate_good_1364.jpg,pomegranate,bueno,good,train,data\processed\balanced_raw\Good Quality_Fruits\Pomegranate_Good\pomegranate_good_1364.jpg,data\splits\train\bueno\pomegranate_good_1364.jpg
pomegranate_good_965.jpg,pomegranate,bueno,good,train,data\processed\balanced_raw\Good Quality_Fruits\Pomegranate_Good\pomegranate_good_965.jpg,data\splits\train\bueno\pomegranate_good_965.jpg
pomegranate_good_826.jpg,pomegranate,bueno,good,train,data\processed\balanced_raw\Good Quality_Fruits\Pomegranate_Good\pomegranate_good_826.jpg,data\splits\train\bueno\pomegranate_good_826.jpg
pomegranate_good_669.jpg,pomegranate,bueno,good,train,data\processed\balanced_raw\Good Quality_Fruits\Pomegranate_Good\pomegranate_good_669.jpg,data\splits\train\bueno\pomegranate_good_669.jpg
pomegranate_good_289.jpg,pomegranate,bueno,good,train,data\processed\balanced_raw\Good Quality_Fruits\Pomegranate_Good\pomegranate_good_289.jpg,data\splits\train\bueno\pomegranate_good_289.jpg
pomegranate_good_1314.jpg,pomegranate,bueno,good,train,data\processed\balanced_raw\Good Quality_Fruits\Pomegranate_Good\pomegranate_good_1314.jpg,data\splits\train\bueno\pomegranate_good_1314.jpg
pomegranate_good_634.jpg,pomegranate,bueno,good,train,data\processed\balanced_raw\Good Quality_Fruits\Pomegranate_Good\pomegranate_good_634.jpg,data\splits\train\bueno\pomegranate_good_634.jpg
pomegranate_good_430.jpg,pomegranate,bueno,good,train,data\processed\balanced_raw\Good Quality_Fruits\Pomegranate_Good\pomegranate_good_430.jpg,data\splits\train\bueno\pomegranate_good_430.jpg
pomegranate_good_1192.jpg,pomegranate,bueno,good,train,data\processed\balanced_raw\Good Quality_Fruits\Pomegranate_Good\pomegranate_good_1192.jpg,data\splits\train\bueno\pomegranate_good_1192.jpg
pomegranate_good_627.jpg,pomegranate,bueno,good,train,data\processed\balanced_raw\Good Quality_Fruits\Pomegranate_Good\pomegranate_good_627.jpg,data\splits\train\bueno\pomegranate_good_627.jpg
pomegranate_good_686.jpg,pomegranate,bueno,good,train,data\processed\balanced_raw\Good Quality_Fruits\Pomegranate_Good\pomegranate_good_686.jpg,data\splits\train\bueno\pomegranate_good_686.jpg
pomegranate_good_471.jpg,pomegranate,bueno,good,val,data\processed\balanced_raw\Good Quality_Fruits\Pomegranate_Good\pomegranate_good_471.jpg,data\splits\val\bueno\pomegranate_good_471.jpg
pomegranate_good_903.jpg,pomegranate,bueno,good,val,data\processed\balanced_raw\Good Quality_Fruits\Pomegranate_Good\pomegranate_good_903.jpg,data\splits\val\bueno\pomegranate_good_903.jpg
pomegranate_good_873.jpg,pomegranate,bueno,good,val,data\processed\balanced_raw\Good Quality_Fruits\Pomegranate_Good\pomegranate_good_873.jpg,data\splits\val\bueno\pomegranate_good_873.jpg
pomegranate_good_1340.jpg,pomegranate,bueno,good,val,data\processed\balanced_raw\Good Quality_Fruits\Pomegranate_Good\pomegranate_good_1340.jpg,data\splits\val\bueno\pomegranate_good_1340.jpg
pomegranate_good_137.jpg,pomegranate,bueno,good,val,data\processed\balanced_raw\Good Quality_Fruits\Pomegranate_Good\pomegranate_good_137.jpg,data\splits\val\bueno\pomegranate_good_137.jpg
pomegranate_good_010.jpg,pomegranate,bueno,good,val,data\processed\balanced_raw\Good Quality_Fruits\Pomegranate_Good\pomegranate_good_010.jpg,data\splits\val\bueno\pomegranate_good_010.jpg
pomegranate_good_350.jpg,pomegranate,bueno,good,val,data\processed\balanced_raw\Good Quality_Fruits\Pomegranate_Good\pomegranate_good_350.jpg,data\splits\val\bueno\pomegranate_good_350.jpg
pomegranate_good_880.jpg,pomegranate,bueno,good,val,data\processed\balanced_raw\Good Quality_Fruits\Pomegranate_Good\pomegranate_good_880.jpg,data\splits\val\bueno\pomegranate_good_880.jpg
pomegranate_good_555.jpg,pomegranate,bueno,good,val,data\processed\balanced_raw\Good Quality_Fruits\Pomegranate_Good\pomegranate_good_555.jpg,data\splits\val\bueno\pomegranate_good_555.jpg
pomegranate_good_785.jpg,pomegranate,bueno,good,test,data\processed\balanced_raw\Good Quality_Fruits\Pomegranate_Good\pomegranate_good_785.jpg,data\splits\test\bueno\pomegranate_good_785.jpg
pomegranate_good_038.jpg,pomegranate,bueno,good,test,data\processed\balanced_raw\Good Quality_Fruits\Pomegranate_Good\pomegranate_good_038.jpg,data\splits\test\bueno\pomegranate_good_038.jpg
pomegranate_good_723.jpg,pomegranate,bueno,good,test,data\processed\balanced_raw\Good Quality_Fruits\Pomegranate_Good\pomegranate_good_723.jpg,data\splits\test\bueno\pomegranate_good_723.jpg
pomegranate_good_580.jpg,pomegranate,bueno,good,test,data\processed\balanced_raw\Good Quality_Fruits\Pomegranate_Good\pomegranate_good_580.jpg,data\splits\test\bueno\pomegranate_good_580.jpg
pomegranate_good_787.jpg,pomegranate,bueno,good,test,data\processed\balanced_raw\Good Quality_Fruits\Pomegranate_Good\pomegranate_good_787.jpg,data\splits\test\bueno\pomegranate_good_787.jpg
pomegranate_good_191.jpg,pomegranate,bueno,good,test,data\processed\balanced_raw\Good Quality_Fruits\Pomegranate_Good\pomegranate_good_191.jpg,data\splits\test\bueno\pomegranate_good_191.jpg
pomegranate_good_210.jpg,pomegranate,bueno,good,test,data\processed\balanced_raw\Good Quality_Fruits\Pomegranate_Good\pomegranate_good_210.jpg,data\splits\test\bueno\pomegranate_good_210.jpg
pomegranate_good_830.jpg,pomegranate,bueno,good,test,data\processed\balanced_raw\Good Quality_Fruits\Pomegranate_Good\pomegranate_good_830.jpg,data\splits\test\bueno\pomegranate_good_830.jpg
pomegranate_good_113.jpg,pomegranate,bueno,good,test,data\processed\balanced_raw\Good Quality_Fruits\Pomegranate_Good\pomegranate_good_113.jpg,data\splits\test\bueno\pomegranate_good_113.jpg
apple_regular_559.jpg,apple,regular,regular,train,data\processed\balanced_raw\Regular Quality_Fruits\Apple_Regular\apple_regular_559.jpg,data\splits\train\regular\apple_regular_559.jpg
apple_regular_833.jpg,apple,regular,regular,train,data\processed\balanced_raw\Regular Quality_Fruits\Apple_Regular\apple_regular_833.jpg,data\splits\train\regular\apple_regular_833.jpg
apple_regular_654.jpg,apple,regular,regular,train,data\processed\balanced_raw\Regular Quality_Fruits\Apple_Regular\apple_regular_654.jpg,data\splits\train\regular\apple_regular_654.jpg
apple_regular_868.jpg,apple,regular,regular,train,data\processed\balanced_raw\Regular Quality_Fruits\Apple_Regular\apple_regular_868.jpg,data\splits\train\regular\apple_regular_868.jpg
apple_regular_758.jpg,apple,regular,regular,train,data\processed\balanced_raw\Regular Quality_Fruits\Apple_Regular\apple_regular_758.jpg,data\splits\train\regular\apple_regular_758.jpg
apple_regular_527.jpg,apple,regular,regular,train,data\processed\balanced_raw\Regular Quality_Fruits\Apple_Regular\apple_regular_527.jpg,data\splits\train\regular\apple_regular_527.jpg
apple_regular_128.jpg,apple,regular,regular,train,data\processed\balanced_raw\Regular Quality_Fruits\Apple_Regular\apple_regular_128.jpg,data\splits\train\regular\apple_regular_128.jpg
apple_regular_666.jpg,apple,regular,regular,train,data\processed\balanced_raw\Regular Quality_Fruits\Apple_Regular\apple_regular_666.jpg,data\splits\train\regular\apple_regular_666.jpg
apple_regular_561.jpg,apple,regular,regular,train,data\processed\balanced_raw\Regular Quality_Fruits\Apple_Regular\apple_regular_561.jpg,data\splits\train\regular\apple_regular_561.jpg
apple_regular_499.jpg,apple,regular,regular,train,data\processed\balanced_raw\Regular Quality_Fruits\Apple_Regular\apple_regular_499.jpg,data\splits\train\regular\apple_regular_499.jpg
apple_regular_147.jpg,apple,regular,regular,train,data\processed\balanced_raw\Regular Quality_Fruits\Apple_Regular\apple_regular_147.jpg,data\splits\train\regular\apple_regular_147.jpg
apple_regular_231.jpg,apple,regular,regular,train,data\processed\balanced_raw\Regular Quality_Fruits\Apple_Regular\apple_regular_231.jpg,data\splits\train\regular\apple_regular_231.jpg
apple_regular_572.jpg,apple,regular,regular,train,data\processed\balanced_raw\Regular Quality_Fruits\Apple_Regular\apple_regular_572.jpg,data\splits\train\regular\apple_regular_572.jpg
apple_regular_318.jpg,apple,regular,regular,train,data\processed\balanced_raw\Regular Quality_Fruits\Apple_Regular\apple_regular_318.jpg,data\splits\train\regular\apple_regular_318.jpg
apple_regular_479.jpg,apple,regular,regular,train,data\processed\balanced_raw\Regular Quality_Fruits\Apple_Regular\apple_regular_479.jpg,data\splits\train\regular\apple_regular_479.jpg
apple_regular_475.jpg,apple,regular,regular,train,data\processed\balanced_raw\Regular Quality_Fruits\Apple_Regular\apple_regular_475.jpg,data\splits\train\regular\apple_regular_475.jpg
apple_regular_585.jpg,apple,regular,regular,train,data\processed\balanced_raw\Regular Quality_Fruits\Apple_Regular\apple_regular_585.jpg,data\splits\train\regular\apple_regular_585.jpg
apple_regular_326.jpg,apple,regular,regular,train,data\processed\balanced_raw\Regular Quality_Fruits\Apple_Regular\apple_regular_326.jpg,data\splits\train\regular\apple_regular_326.jpg
apple_regular_036.jpg,apple,regular,regular,train,data\processed\balanced_raw\Regular Quality_Fruits\Apple_Regular\apple_regular_036.jpg,data\splits\train\regular\apple_regular_036.jpg
apple_regular_252.jpg,apple,regular,regular,train,data\processed\balanced_raw\Regular Quality_Fruits\Apple_Regular\apple_regular_252.jpg,data\splits\train\regular\apple_regular_252.jpg
apple_regular_383.jpg,apple,regular,regular,train,data\processed\balanced_raw\Regular Quality_Fruits\Apple_Regular\apple_regular_383.jpg,data\splits\train\regular\apple_regular_383.jpg
apple_regular_569.jpg,apple,regular,regular,train,data\processed\balanced_raw\Regular Quality_Fruits\Apple_Regular\apple_regular_569.jpg,data\splits\train\regular\apple_regular_569.jpg
apple_regular_414.jpg,apple,regular,regular,train,data\processed\balanced_raw\Regular Quality_Fruits\Apple_Regular\apple_regular_414.jpg,data\splits\train\regular\apple_regular_414.jpg
apple_regular_747.jpg,apple,regular,regular,train,data\processed\balanced_raw\Regular Quality_Fruits\Apple_Regular\apple_regular_747.jpg,data\splits\train\regular\apple_regular_747.jpg
apple_regular_890.jpg,apple,regular,regular,train,data\processed\balanced_raw\Regular Quality_Fruits\Apple_Regular\apple_regular_890.jpg,data\splits\train\regular\apple_regular_890.jpg
apple_regular_352.jpg,apple,regular,regular,train,data\processed\balanced_raw\Regular Quality_Fruits\Apple_Regular\apple_regular_352.jpg,data\splits\train\regular\apple_regular_352.jpg
apple_regular_408.jpg,apple,regular,regular,train,data\processed\balanced_raw\Regular Quality_Fruits\Apple_Regular\apple_regular_408.jpg,data\splits\train\regular\apple_regular_408.jpg
apple_regular_288.jpg,apple,regular,regular,train,data\processed\balanced_raw\Regular Quality_Fruits\Apple_Regular\apple_regular_288.jpg,data\splits\train\regular\apple_regular_288.jpg
apple_regular_850.jpg,apple,regular,regular,train,data\processed\balanced_raw\Regular Quality_Fruits\Apple_Regular\apple_regular_850.jpg,data\splits\train\regular\apple_regular_850.jpg
apple_regular_164.jpg,apple,regular,regular,train,data\processed\balanced_raw\Regular Quality_Fruits\Apple_Regular\apple_regular_164.jpg,data\splits\train\regular\apple_regular_164.jpg
apple_regular_367.jpg,apple,regular,regular,train,data\processed\balanced_raw\Regular Quality_Fruits\Apple_Regular\apple_regular_367.jpg,data\splits\train\regular\apple_regular_367.jpg
apple_regular_867.jpg,apple,regular,regular,train,data\processed\balanced_raw\Regular Quality_Fruits\Apple_Regular\apple_regular_867.jpg,data\splits\train\regular\apple_regular_867.jpg
apple_regular_466.jpg,apple,regular,regular,train,data\processed\balanced_raw\Regular Quality_Fruits\Apple_Regular\apple_regular_466.jpg,data\splits\train\regular\apple_regular_466.jpg
apple_regular_182.jpg,apple,regular,regular,train,data\processed\balanced_raw\Regular Quality_Fruits\Apple_Regular\apple_regular_182.jpg,data\splits\train\regular\apple_regular_182.jpg
apple_regular_130.jpg,apple,regular,regular,train,data\processed\balanced_raw\Regular Quality_Fruits\Apple_Regular\apple_regular_130.jpg,data\splits\train\regular\apple_regular_130.jpg
apple_regular_866.jpg,apple,regular,regular,train,data\processed\balanced_raw\Regular Quality_Fruits\Apple_Regular\apple_regular_866.jpg,data\splits\train\regular\apple_regular_866.jpg
apple_regular_133.jpg,apple,regular,regular,train,data\processed\balanced_raw\Regular Quality_Fruits\Apple_Regular\apple_regular_133.jpg,data\splits\train\regular\apple_regular_133.jpg
apple_regular_661.jpg,apple,regular,regular,train,data\processed\balanced_raw\Regular Quality_Fruits\Apple_Regular\apple_regular_661.jpg,data\splits\train\regular\apple_regular_661.jpg
apple_regular_134.jpg,apple,regular,regular,train,data\processed\balanced_raw\Regular Quality_Fruits\Apple_Regular\apple_regular_134.jpg,data\splits\train\regular\apple_regular_134.jpg
apple_regular_615.jpg,apple,regular,regular,train,data\processed\balanced_raw\Regular Quality_Fruits\Apple_Regular\apple_regular_615.jpg,data\splits\train\regular\apple_regular_615.jpg
apple_regular_177.jpg,apple,regular,regular,train,data\processed\balanced_raw\Regular Quality_Fruits\Apple_Regular\apple_regular_177.jpg,data\splits\train\regular\apple_regular_177.jpg
apple_regular_218.jpg,apple,regular,regular,train,data\processed\balanced_raw\Regular Quality_Fruits\Apple_Regular\apple_regular_218.jpg,data\splits\train\regular\apple_regular_218.jpg
apple_regular_836.jpg,apple,regular,regular,val,data\processed\balanced_raw\Regular Quality_Fruits\Apple_Regular\apple_regular_836.jpg,data\splits\val\regular\apple_regular_836.jpg
apple_regular_064.jpg,apple,regular,regular,val,data\processed\balanced_raw\Regular Quality_Fruits\Apple_Regular\apple_regular_064.jpg,data\splits\val\regular\apple_regular_064.jpg
apple_regular_708.jpg,apple,regular,regular,val,data\processed\balanced_raw\Regular Quality_Fruits\Apple_Regular\apple_regular_708.jpg,data\splits\val\regular\apple_regular_708.jpg
apple_regular_081.jpg,apple,regular,regular,val,data\processed\balanced_raw\Regular Quality_Fruits\Apple_Regular\apple_regular_081.jpg,data\splits\val\regular\apple_regular_081.jpg
apple_regular_589.jpg,apple,regular,regular,val,data\processed\balanced_raw\Regular Quality_Fruits\Apple_Regular\apple_regular_589.jpg,data\splits\val\regular\apple_regular_589.jpg
apple_regular_206.jpg,apple,regular,regular,val,data\processed\balanced_raw\Regular Quality_Fruits\Apple_Regular\apple_regular_206.jpg,data\splits\val\regular\apple_regular_206.jpg
apple_regular_350.jpg,apple,regular,regular,val,data\processed\balanced_raw\Regular Quality_Fruits\Apple_Regular\apple_regular_350.jpg,data\splits\val\regular\apple_regular_350.jpg
apple_regular_065.jpg,apple,regular,regular,val,data\processed\balanced_raw\Regular Quality_Fruits\Apple_Regular\apple_regular_065.jpg,data\splits\val\regular\apple_regular_065.jpg
apple_regular_523.jpg,apple,regular,regular,val,data\processed\balanced_raw\Regular Quality_Fruits\Apple_Regular\apple_regular_523.jpg,data\splits\val\regular\apple_regular_523.jpg
apple_regular_730.jpg,apple,regular,regular,test,data\processed\balanced_raw\Regular Quality_Fruits\Apple_Regular\apple_regular_730.jpg,data\splits\test\regular\apple_regular_730.jpg
apple_regular_052.jpg,apple,regular,regular,test,data\processed\balanced_raw\Regular Quality_Fruits\Apple_Regular\apple_regular_052.jpg,data\splits\test\regular\apple_regular_052.jpg
apple_regular_472.jpg,apple,regular,regular,test,data\processed\balanced_raw\Regular Quality_Fruits\Apple_Regular\apple_regular_472.jpg,data\splits\test\regular\apple_regular_472.jpg
apple_regular_106.jpg,apple,regular,regular,test,data\processed\balanced_raw\Regular Quality_Fruits\Apple_Regular\apple_regular_106.jpg,data\splits\test\regular\apple_regular_106.jpg
apple_regular_882.jpg,apple,regular,regular,test,data\processed\balanced_raw\Regular Quality_Fruits\Apple_Regular\apple_regular_882.jpg,data\splits\test\regular\apple_regular_882.jpg
apple_regular_229.jpg,apple,regular,regular,test,data\processed\balanced_raw\Regular Quality_Fruits\Apple_Regular\apple_regular_229.jpg,data\splits\test\regular\apple_regular_229.jpg
apple_regular_392.jpg,apple,regular,regular,test,data\processed\balanced_raw\Regular Quality_Fruits\Apple_Regular\apple_regular_392.jpg,data\splits\test\regular\apple_regular_392.jpg
apple_regular_839.jpg,apple,regular,regular,test,data\processed\balanced_raw\Regular Quality_Fruits\Apple_Regular\apple_regular_839.jpg,data\splits\test\regular\apple_regular_839.jpg
apple_regular_736.jpg,apple,regular,regular,test,data\processed\balanced_raw\Regular Quality_Fruits\Apple_Regular\apple_regular_736.jpg,data\splits\test\regular\apple_regular_736.jpg
banana_regular_778.jpg,banana,regular,regular,train,data\processed\balanced_raw\Regular Quality_Fruits\Banana_Regular\banana_regular_778.jpg,data\splits\train\regular\banana_regular_778.jpg
banana_regular_172.jpeg,banana,regular,regular,train,data\processed\balanced_raw\Regular Quality_Fruits\Banana_Regular\banana_regular_172.jpeg,data\splits\train\regular\banana_regular_172.jpeg
banana_regular_441.jpg,banana,regular,regular,train,data\processed\balanced_raw\Regular Quality_Fruits\Banana_Regular\banana_regular_441.jpg,data\splits\train\regular\banana_regular_441.jpg
banana_regular_218.jpeg,banana,regular,regular,train,data\processed\balanced_raw\Regular Quality_Fruits\Banana_Regular\banana_regular_218.jpeg,data\splits\train\regular\banana_regular_218.jpeg
banana_regular_768.jpg,banana,regular,regular,train,data\processed\balanced_raw\Regular Quality_Fruits\Banana_Regular\banana_regular_768.jpg,data\splits\train\regular\banana_regular_768.jpg
banana_regular_021.jpg,banana,regular,regular,train,data\processed\balanced_raw\Regular Quality_Fruits\Banana_Regular\banana_regular_021.jpg,data\splits\train\regular\banana_regular_021.jpg
banana_regular_668.jpg,banana,regular,regular,train,data\processed\balanced_raw\Regular Quality_Fruits\Banana_Regular\banana_regular_668.jpg,data\splits\train\regular\banana_regular_668.jpg
banana_regular_931.jpeg,banana,regular,regular,train,data\processed\balanced_raw\Regular Quality_Fruits\Banana_Regular\banana_regular_931.jpeg,data\splits\train\regular\banana_regular_931.jpeg
banana_regular_872.jpg,banana,regular,regular,train,data\processed\balanced_raw\Regular Quality_Fruits\Banana_Regular\banana_regular_872.jpg,data\splits\train\regular\banana_regular_872.jpg
banana_regular_759.jpg,banana,regular,regular,train,data\processed\balanced_raw\Regular Quality_Fruits\Banana_Regular\banana_regular_759.jpg,data\splits\train\regular\banana_regular_759.jpg
banana_regular_834.jpg,banana,regular,regular,train,data\processed\balanced_raw\Regular Quality_Fruits\Banana_Regular\banana_regular_834.jpg,data\splits\train\regular\banana_regular_834.jpg
banana_regular_835.jpg,banana,regular,regular,train,data\processed\balanced_raw\Regular Quality_Fruits\Banana_Regular\banana_regular_835.jpg,data\splits\train\regular\banana_regular_835.jpg
banana_regular_688.jpg,banana,regular,regular,train,data\processed\balanced_raw\Regular Quality_Fruits\Banana_Regular\banana_regular_688.jpg,data\splits\train\regular\banana_regular_688.jpg
banana_regular_046.jpg,banana,regular,regular,train,data\processed\balanced_raw\Regular Quality_Fruits\Banana_Regular\banana_regular_046.jpg,data\splits\train\regular\banana_regular_046.jpg
banana_regular_395.jpeg,banana,regular,regular,train,data\processed\balanced_raw\Regular Quality_Fruits\Banana_Regular\banana_regular_395.jpeg,data\splits\train\regular\banana_regular_395.jpeg
banana_regular_090.jpeg,banana,regular,regular,train,data\processed\balanced_raw\Regular Quality_Fruits\Banana_Regular\banana_regular_090.jpeg,data\splits\train\regular\banana_regular_090.jpeg
banana_regular_826.jpg,banana,regular,regular,train,data\processed\balanced_raw\Regular Quality_Fruits\Banana_Regular\banana_regular_826.jpg,data\splits\train\regular\banana_regular_826.jpg
banana_regular_780.jpg,banana,regular,regular,train,data\processed\balanced_raw\Regular Quality_Fruits\Banana_Regular\banana_regular_780.jpg,data\splits\train\regular\banana_regular_780.jpg
banana_regular_789.jpg,banana,regular,regular,train,data\processed\balanced_raw\Regular Quality_Fruits\Banana_Regular\banana_regular_789.jpg,data\splits\train\regular\banana_regular_789.jpg
banana_regular_155.jpg,banana,regular,regular,train,data\processed\balanced_raw\Regular Quality_Fruits\Banana_Regular\banana_regular_155.jpg,data\splits\train\regular\banana_regular_155.jpg
banana_regular_169.jpg,banana,regular,regular,train,data\processed\balanced_raw\Regular Quality_Fruits\Banana_Regular\banana_regular_169.jpg,data\splits\train\regular\banana_regular_169.jpg
banana_regular_312.jpeg,banana,regular,regular,train,data\processed\balanced_raw\Regular Quality_Fruits\Banana_Regular\banana_regular_312.jpeg,data\splits\train\regular\banana_regular_312.jpeg
banana_regular_311.jpg,banana,regular,regular,train,data\processed\balanced_raw\Regular Quality_Fruits\Banana_Regular\banana_regular_311.jpg,data\splits\train\regular\banana_regular_311.jpg
banana_regular_641.jpg,banana,regular,regular,train,data\processed\balanced_raw\Regular Quality_Fruits\Banana_Regular\banana_regular_641.jpg,data\splits\train\regular\banana_regular_641.jpg
banana_regular_393.jpeg,banana,regular,regular,train,data\processed\balanced_raw\Regular Quality_Fruits\Banana_Regular\banana_regular_393.jpeg,data\splits\train\regular\banana_regular_393.jpeg
banana_regular_106.jpg,banana,regular,regular,train,data\processed\balanced_raw\Regular Quality_Fruits\Banana_Regular\banana_regular_106.jpg,data\splits\train\regular\banana_regular_106.jpg
banana_regular_177.jpeg,banana,regular,regular,train,data\processed\balanced_raw\Regular Quality_Fruits\Banana_Regular\banana_regular_177.jpeg,data\splits\train\regular\banana_regular_177.jpeg
banana_regular_140.jpg,banana,regular,regular,train,data\processed\balanced_raw\Regular Quality_Fruits\Banana_Regular\banana_regular_140.jpg,data\splits\train\regular\banana_regular_140.jpg
banana_regular_022.jpeg,banana,regular,regular,train,data\processed\balanced_raw\Regular Quality_Fruits\Banana_Regular\banana_regular_022.jpeg,data\splits\train\regular\banana_regular_022.jpeg
banana_regular_619.jpg,banana,regular,regular,train,data\processed\balanced_raw\Regular Quality_Fruits\Banana_Regular\banana_regular_619.jpg,data\splits\train\regular\banana_regular_619.jpg
banana_regular_783.jpg,banana,regular,regular,train,data\processed\balanced_raw\Regular Quality_Fruits\Banana_Regular\banana_regular_783.jpg,data\splits\train\regular\banana_regular_783.jpg
banana_regular_179.jpeg,banana,regular,regular,train,data\processed\balanced_raw\Regular Quality_Fruits\Banana_Regular\banana_regular_179.jpeg,data\splits\train\regular\banana_regular_179.jpeg
banana_regular_324.jpg,banana,regular,regular,train,data\processed\balanced_raw\Regular Quality_Fruits\Banana_Regular\banana_regular_324.jpg,data\splits\train\regular\banana_regular_324.jpg
banana_regular_679.jpg,banana,regular,regular,train,data\processed\balanced_raw\Regular Quality_Fruits\Banana_Regular\banana_regular_679.jpg,data\splits\train\regular\banana_regular_679.jpg
banana_regular_829.jpg,banana,regular,regular,train,data\processed\balanced_raw\Regular Quality_Fruits\Banana_Regular\banana_regular_829.jpg,data\splits\train\regular\banana_regular_829.jpg
banana_regular_732.jpg,banana,regular,regular,train,data\processed\balanced_raw\Regular Quality_Fruits\Banana_Regular\banana_regular_732.jpg,data\splits\train\regular\banana_regular_732.jpg
banana_regular_511.jpg,banana,regular,regular,train,data\processed\balanced_raw\Regular Quality_Fruits\Banana_Regular\banana_regular_511.jpg,data\splits\train\regular\banana_regular_511.jpg
banana_regular_927.jpeg,banana,regular,regular,train,data\processed\balanced_raw\Regular Quality_Fruits\Banana_Regular\banana_regular_927.jpeg,data\splits\train\regular\banana_regular_927.jpeg
banana_regular_306.jpeg,banana,regular,regular,train,data\processed\balanced_raw\Regular Quality_Fruits\Banana_Regular\banana_regular_306.jpeg,data\splits\train\regular\banana_regular_306.jpeg
banana_regular_587.jpg,banana,regular,regular,train,data\processed\balanced_raw\Regular Quality_Fruits\Banana_Regular\banana_regular_587.jpg,data\splits\train\regular\banana_regular_587.jpg
banana_regular_161.jpg,banana,regular,regular,train,data\processed\balanced_raw\Regular Quality_Fruits\Banana_Regular\banana_regular_161.jpg,data\splits\train\regular\banana_regular_161.jpg
banana_regular_776.jpg,banana,regular,regular,train,data\processed\balanced_raw\Regular Quality_Fruits\Banana_Regular\banana_regular_776.jpg,data\splits\train\regular\banana_regular_776.jpg
banana_regular_149.jpg,banana,regular,regular,val,data\processed\balanced_raw\Regular Quality_Fruits\Banana_Regular\banana_regular_149.jpg,data\splits\val\regular\banana_regular_149.jpg
banana_regular_457.jpg,banana,regular,regular,val,data\processed\balanced_raw\Regular Quality_Fruits\Banana_Regular\banana_regular_457.jpg,data\splits\val\regular\banana_regular_457.jpg
banana_regular_699.jpg,banana,regular,regular,val,data\processed\balanced_raw\Regular Quality_Fruits\Banana_Regular\banana_regular_699.jpg,data\splits\val\regular\banana_regular_699.jpg
banana_regular_850.jpg,banana,regular,regular,val,data\processed\balanced_raw\Regular Quality_Fruits\Banana_Regular\banana_regular_850.jpg,data\splits\val\regular\banana_regular_850.jpg
banana_regular_924.jpg,banana,regular,regular,val,data\processed\balanced_raw\Regular Quality_Fruits\Banana_Regular\banana_regular_924.jpg,data\splits\val\regular\banana_regular_924.jpg
banana_regular_100.jpeg,banana,regular,regular,val,data\processed\balanced_raw\Regular Quality_Fruits\Banana_Regular\banana_regular_100.jpeg,data\splits\val\regular\banana_regular_100.jpeg
banana_regular_527.jpg,banana,regular,regular,val,data\processed\balanced_raw\Regular Quality_Fruits\Banana_Regular\banana_regular_527.jpg,data\splits\val\regular\banana_regular_527.jpg
banana_regular_401.jpeg,banana,regular,regular,val,data\processed\balanced_raw\Regular Quality_Fruits\Banana_Regular\banana_regular_401.jpeg,data\splits\val\regular\banana_regular_401.jpeg
banana_regular_012.jpeg,banana,regular,regular,val,data\processed\balanced_raw\Regular Quality_Fruits\Banana_Regular\banana_regular_012.jpeg,data\splits\val\regular\banana_regular_012.jpeg
banana_regular_345.jpeg,banana,regular,regular,test,data\processed\balanced_raw\Regular Quality_Fruits\Banana_Regular\banana_regular_345.jpeg,data\splits\test\regular\banana_regular_345.jpeg
banana_regular_705.jpg,banana,regular,regular,test,data\processed\balanced_raw\Regular Quality_Fruits\Banana_Regular\banana_regular_705.jpg,data\splits\test\regular\banana_regular_705.jpg
banana_regular_566.jpg,banana,regular,regular,test,data\processed\balanced_raw\Regular Quality_Fruits\Banana_Regular\banana_regular_566.jpg,data\splits\test\regular\banana_regular_566.jpg
banana_regular_075.jpg,banana,regular,regular,test,data\processed\balanced_raw\Regular Quality_Fruits\Banana_Regular\banana_regular_075.jpg,data\splits\test\regular\banana_regular_075.jpg
banana_regular_375.jpg,banana,regular,regular,test,data\processed\balanced_raw\Regular Quality_Fruits\Banana_Regular\banana_regular_375.jpg,data\splits\test\regular\banana_regular_375.jpg
banana_regular_729.jpg,banana,regular,regular,test,data\processed\balanced_raw\Regular Quality_Fruits\Banana_Regular\banana_regular_729.jpg,data\splits\test\regular\banana_regular_729.jpg
banana_regular_436.jpg,banana,regular,regular,test,data\processed\balanced_raw\Regular Quality_Fruits\Banana_Regular\banana_regular_436.jpg,data\splits\test\regular\banana_regular_436.jpg
banana_regular_605.jpg,banana,regular,regular,test,data\processed\balanced_raw\Regular Quality_Fruits\Banana_Regular\banana_regular_605.jpg,data\splits\test\regular\banana_regular_605.jpg
banana_regular_352.jpeg,banana,regular,regular,test,data\processed\balanced_raw\Regular Quality_Fruits\Banana_Regular\banana_regular_352.jpeg,data\splits\test\regular\banana_regular_352.jpeg
guava_regular_179.jpg,guava,regular,regular,train,data\processed\balanced_raw\Regular Quality_Fruits\Guava_Regular\guava_regular_179.jpg,data\splits\train\regular\guava_regular_179.jpg
guava_regular_146.jpg,guava,regular,regular,train,data\processed\balanced_raw\Regular Quality_Fruits\Guava_Regular\guava_regular_146.jpg,data\splits\train\regular\guava_regular_146.jpg
guava_regular_088.jpg,guava,regular,regular,train,data\processed\balanced_raw\Regular Quality_Fruits\Guava_Regular\guava_regular_088.jpg,data\splits\train\regular\guava_regular_088.jpg
guava_regular_160.jpg,guava,regular,regular,train,data\processed\balanced_raw\Regular Quality_Fruits\Guava_Regular\guava_regular_160.jpg,data\splits\train\regular\guava_regular_160.jpg
guava_regular_169.jpg,guava,regular,regular,train,data\processed\balanced_raw\Regular Quality_Fruits\Guava_Regular\guava_regular_169.jpg,data\splits\train\regular\guava_regular_169.jpg
guava_regular_162.jpg,guava,regular,regular,train,data\processed\balanced_raw\Regular Quality_Fruits\Guava_Regular\guava_regular_162.jpg,data\splits\train\regular\guava_regular_162.jpg
guava_regular_005.jpg,guava,regular,regular,train,data\processed\balanced_raw\Regular Quality_Fruits\Guava_Regular\guava_regular_005.jpg,data\splits\train\regular\guava_regular_005.jpg
guava_regular_038.jpg,guava,regular,regular,train,data\processed\balanced_raw\Regular Quality_Fruits\Guava_Regular\guava_regular_038.jpg,data\splits\train\regular\guava_regular_038.jpg
guava_regular_011.jpg,guava,regular,regular,train,data\processed\balanced_raw\Regular Quality_Fruits\Guava_Regular\guava_regular_011.jpg,data\splits\train\regular\guava_regular_011.jpg
guava_regular_112.jpg,guava,regular,regular,train,data\processed\balanced_raw\Regular Quality_Fruits\Guava_Regular\guava_regular_112.jpg,data\splits\train\regular\guava_regular_112.jpg
guava_regular_042.jpg,guava,regular,regular,train,data\processed\balanced_raw\Regular Quality_Fruits\Guava_Regular\guava_regular_042.jpg,data\splits\train\regular\guava_regular_042.jpg
guava_regular_015.jpg,guava,regular,regular,train,data\processed\balanced_raw\Regular Quality_Fruits\Guava_Regular\guava_regular_015.jpg,data\splits\train\regular\guava_regular_015.jpg
guava_regular_094.jpg,guava,regular,regular,train,data\processed\balanced_raw\Regular Quality_Fruits\Guava_Regular\guava_regular_094.jpg,data\splits\train\regular\guava_regular_094.jpg
guava_regular_044.jpg,guava,regular,regular,train,data\processed\balanced_raw\Regular Quality_Fruits\Guava_Regular\guava_regular_044.jpg,data\splits\train\regular\guava_regular_044.jpg
guava_regular_167.jpg,guava,regular,regular,train,data\processed\balanced_raw\Regular Quality_Fruits\Guava_Regular\guava_regular_167.jpg,data\splits\train\regular\guava_regular_167.jpg
guava_regular_136.jpg,guava,regular,regular,train,data\processed\balanced_raw\Regular Quality_Fruits\Guava_Regular\guava_regular_136.jpg,data\splits\train\regular\guava_regular_136.jpg
guava_regular_058.jpg,guava,regular,regular,train,data\processed\balanced_raw\Regular Quality_Fruits\Guava_Regular\guava_regular_058.jpg,data\splits\train\regular\guava_regular_058.jpg
guava_regular_108.jpg,guava,regular,regular,train,data\processed\balanced_raw\Regular Quality_Fruits\Guava_Regular\guava_regular_108.jpg,data\splits\train\regular\guava_regular_108.jpg
guava_regular_153.jpg,guava,regular,regular,train,data\processed\balanced_raw\Regular Quality_Fruits\Guava_Regular\guava_regular_153.jpg,data\splits\train\regular\guava_regular_153.jpg
guava_regular_079.jpg,guava,regular,regular,train,data\processed\balanced_raw\Regular Quality_Fruits\Guava_Regular\guava_regular_079.jpg,data\splits\train\regular\guava_regular_079.jpg
guava_regular_178.jpg,guava,regular,regular,train,data\processed\balanced_raw\Regular Quality_Fruits\Guava_Regular\guava_regular_178.jpg,data\splits\train\regular\guava_regular_178.jpg
guava_regular_191.jpg,guava,regular,regular,train,data\processed\balanced_raw\Regular Quality_Fruits\Guava_Regular\guava_regular_191.jpg,data\splits\train\regular\guava_regular_191.jpg
guava_regular_170.jpg,guava,regular,regular,train,data\processed\balanced_raw\Regular Quality_Fruits\Guava_Regular\guava_regular_170.jpg,data\splits\train\regular\guava_regular_170.jpg
guava_regular_132.jpg,guava,regular,regular,train,data\processed\balanced_raw\Regular Quality_Fruits\Guava_Regular\guava_regular_132.jpg,data\splits\train\regular\guava_regular_132.jpg
guava_regular_036.jpg,guava,regular,regular,train,data\processed\balanced_raw\Regular Quality_Fruits\Guava_Regular\guava_regular_036.jpg,data\splits\train\regular\guava_regular_036.jpg
guava_regular_027.jpg,guava,regular,regular,train,data\processed\balanced_raw\Regular Quality_Fruits\Guava_Regular\guava_regular_027.jpg,data\splits\train\regular\guava_regular_027.jpg
guava_regular_138.jpg,guava,regular,regular,train,data\processed\balanced_raw\Regular Quality_Fruits\Guava_Regular\guava_regular_138.jpg,data\splits\train\regular\guava_regular_138.jpg
guava_regular_012.jpg,guava,regular,regular,train,data\processed\balanced_raw\Regular Quality_Fruits\Guava_Regular\guava_regular_012.jpg,data\splits\train\regular\guava_regular_012.jpg
guava_regular_029.jpg,guava,regular,regular,train,data\processed\balanced_raw\Regular Quality_Fruits\Guava_Regular\guava_regular_029.jpg,data\splits\train\regular\guava_regular_029.jpg
guava_regular_031.jpg,guava,regular,regular,train,data\processed\balanced_raw\Regular Quality_Fruits\Guava_Regular\guava_regular_031.jpg,data\splits\train\regular\guava_regular_031.jpg
guava_regular_034.jpg,guava,regular,regular,train,data\processed\balanced_raw\Regular Quality_Fruits\Guava_Regular\guava_regular_034.jpg,data\splits\train\regular\guava_regular_034.jpg
guava_regular_060.jpg,guava,regular,regular,train,data\processed\balanced_raw\Regular Quality_Fruits\Guava_Regular\guava_regular_060.jpg,data\splits\train\regular\guava_regular_060.jpg
guava_regular_102.jpg,guava,regular,regular,train,data\processed\balanced_raw\Regular Quality_Fruits\Guava_Regular\guava_regular_102.jpg,data\splits\train\regular\guava_regular_102.jpg
guava_regular_118.jpg,guava,regular,regular,train,data\processed\balanced_raw\Regular Quality_Fruits\Guava_Regular\guava_regular_118.jpg,data\splits\train\regular\guava_regular_118.jpg
guava_regular_081.jpg,guava,regular,regular,train,data\processed\balanced_raw\Regular Quality_Fruits\Guava_Regular\guava_regular_081.jpg,data\splits\train\regular\guava_regular_081.jpg
guava_regular_099.jpg,guava,regular,regular,train,data\processed\balanced_raw\Regular Quality_Fruits\Guava_Regular\guava_regular_099.jpg,data\splits\train\regular\guava_regular_099.jpg
guava_regular_086.jpg,guava,regular,regular,train,data\processed\balanced_raw\Regular Quality_Fruits\Guava_Regular\guava_regular_086.jpg,data\splits\train\regular\guava_regular_086.jpg
guava_regular_111.jpg,guava,regular,regular,train,data\processed\balanced_raw\Regular Quality_Fruits\Guava_Regular\guava_regular_111.jpg,data\splits\train\regular\guava_regular_111.jpg
guava_regular_196.jpg,guava,regular,regular,train,data\processed\balanced_raw\Regular Quality_Fruits\Guava_Regular\guava_regular_196.jpg,data\splits\train\regular\guava_regular_196.jpg
guava_regular_180.jpg,guava,regular,regular,train,data\processed\balanced_raw\Regular Quality_Fruits\Guava_Regular\guava_regular_180.jpg,data\splits\train\regular\guava_regular_180.jpg
guava_regular_087.jpg,guava,regular,regular,train,data\processed\balanced_raw\Regular Quality_Fruits\Guava_Regular\guava_regular_087.jpg,data\splits\train\regular\guava_regular_087.jpg
guava_regular_127.jpg,guava,regular,regular,train,data\processed\balanced_raw\Regular Quality_Fruits\Guava_Regular\guava_regular_127.jpg,data\splits\train\regular\guava_regular_127.jpg
guava_regular_073.jpg,guava,regular,regular,val,data\processed\balanced_raw\Regular Quality_Fruits\Guava_Regular\guava_regular_073.jpg,data\splits\val\regular\guava_regular_073.jpg
guava_regular_188.jpg,guava,regular,regular,val,data\processed\balanced_raw\Regular Quality_Fruits\Guava_Regular\guava_regular_188.jpg,data\splits\val\regular\guava_regular_188.jpg
guava_regular_187.jpg,guava,regular,regular,val,data\processed\balanced_raw\Regular Quality_Fruits\Guava_Regular\guava_regular_187.jpg,data\splits\val\regular\guava_regular_187.jpg
guava_regular_092.jpg,guava,regular,regular,val,data\processed\balanced_raw\Regular Quality_Fruits\Guava_Regular\guava_regular_092.jpg,data\splits\val\regular\guava_regular_092.jpg
guava_regular_046.jpg,guava,regular,regular,val,data\processed\balanced_raw\Regular Quality_Fruits\Guava_Regular\guava_regular_046.jpg,data\splits\val\regular\guava_regular_046.jpg
guava_regular_063.jpg,guava,regular,regular,val,data\processed\balanced_raw\Regular Quality_Fruits\Guava_Regular\guava_regular_063.jpg,data\splits\val\regular\guava_regular_063.jpg
guava_regular_021.jpg,guava,regular,regular,val,data\processed\balanced_raw\Regular Quality_Fruits\Guava_Regular\guava_regular_021.jpg,data\splits\val\regular\guava_regular_021.jpg
guava_regular_006.jpg,guava,regular,regular,val,data\processed\balanced_raw\Regular Quality_Fruits\Guava_Regular\guava_regular_006.jpg,data\splits\val\regular\guava_regular_006.jpg
guava_regular_101.jpg,guava,regular,regular,val,data\processed\balanced_raw\Regular Quality_Fruits\Guava_Regular\guava_regular_101.jpg,data\splits\val\regular\guava_regular_101.jpg
guava_regular_197.jpg,guava,regular,regular,test,data\processed\balanced_raw\Regular Quality_Fruits\Guava_Regular\guava_regular_197.jpg,data\splits\test\regular\guava_regular_197.jpg
guava_regular_155.jpg,guava,regular,regular,test,data\processed\balanced_raw\Regular Quality_Fruits\Guava_Regular\guava_regular_155.jpg,data\splits\test\regular\guava_regular_155.jpg
guava_regular_143.jpg,guava,regular,regular,test,data\processed\balanced_raw\Regular Quality_Fruits\Guava_Regular\guava_regular_143.jpg,data\splits\test\regular\guava_regular_143.jpg
guava_regular_103.jpg,guava,regular,regular,test,data\processed\balanced_raw\Regular Quality_Fruits\Guava_Regular\guava_regular_103.jpg,data\splits\test\regular\guava_regular_103.jpg
guava_regular_154.jpg,guava,regular,regular,test,data\processed\balanced_raw\Regular Quality_Fruits\Guava_Regular\guava_regular_154.jpg,data\splits\test\regular\guava_regular_154.jpg
guava_regular_051.jpg,guava,regular,regular,test,data\processed\balanced_raw\Regular Quality_Fruits\Guava_Regular\guava_regular_051.jpg,data\splits\test\regular\guava_regular_051.jpg
guava_regular_164.jpg,guava,regular,regular,test,data\processed\balanced_raw\Regular Quality_Fruits\Guava_Regular\guava_regular_164.jpg,data\splits\test\regular\guava_regular_164.jpg
guava_regular_115.jpg,guava,regular,regular,test,data\processed\balanced_raw\Regular Quality_Fruits\Guava_Regular\guava_regular_115.jpg,data\splits\test\regular\guava_regular_115.jpg
guava_regular_105.jpg,guava,regular,regular,test,data\processed\balanced_raw\Regular Quality_Fruits\Guava_Regular\guava_regular_105.jpg,data\splits\test\regular\guava_regular_105.jpg
lime_regular_062.jpg,lime,regular,regular,train,data\processed\balanced_raw\Regular Quality_Fruits\Lime_Regular\lime_regular_062.jpg,data\splits\train\regular\lime_regular_062.jpg
lime_regular_057.jpg,lime,regular,regular,train,data\processed\balanced_raw\Regular Quality_Fruits\Lime_Regular\lime_regular_057.jpg,data\splits\train\regular\lime_regular_057.jpg
lime_regular_029.jpg,lime,regular,regular,train,data\processed\balanced_raw\Regular Quality_Fruits\Lime_Regular\lime_regular_029.jpg,data\splits\train\regular\lime_regular_029.jpg
lime_regular_012.jpg,lime,regular,regular,train,data\processed\balanced_raw\Regular Quality_Fruits\Lime_Regular\lime_regular_012.jpg,data\splits\train\regular\lime_regular_012.jpg
lime_regular_047.jpg,lime,regular,regular,train,data\processed\balanced_raw\Regular Quality_Fruits\Lime_Regular\lime_regular_047.jpg,data\splits\train\regular\lime_regular_047.jpg
lime_regular_007.jpg,lime,regular,regular,train,data\processed\balanced_raw\Regular Quality_Fruits\Lime_Regular\lime_regular_007.jpg,data\splits\train\regular\lime_regular_007.jpg
lime_regular_060.jpg,lime,regular,regular,train,data\processed\balanced_raw\Regular Quality_Fruits\Lime_Regular\lime_regular_060.jpg,data\splits\train\regular\lime_regular_060.jpg
lime_regular_061.jpg,lime,regular,regular,train,data\processed\balanced_raw\Regular Quality_Fruits\Lime_Regular\lime_regular_061.jpg,data\splits\train\regular\lime_regular_061.jpg
lime_regular_049.jpg,lime,regular,regular,train,data\processed\balanced_raw\Regular Quality_Fruits\Lime_Regular\lime_regular_049.jpg,data\splits\train\regular\lime_regular_049.jpg
lime_regular_002.jpg,lime,regular,regular,train,data\processed\balanced_raw\Regular Quality_Fruits\Lime_Regular\lime_regular_002.jpg,data\splits\train\regular\lime_regular_002.jpg
lime_regular_024.jpg,lime,regular,regular,train,data\processed\balanced_raw\Regular Quality_Fruits\Lime_Regular\lime_regular_024.jpg,data\splits\train\regular\lime_regular_024.jpg
lime_regular_055.jpg,lime,regular,regular,train,data\processed\balanced_raw\Regular Quality_Fruits\Lime_Regular\lime_regular_055.jpg,data\splits\train\regular\lime_regular_055.jpg
lime_regular_017.jpg,lime,regular,regular,train,data\processed\balanced_raw\Regular Quality_Fruits\Lime_Regular\lime_regular_017.jpg,data\splits\train\regular\lime_regular_017.jpg
lime_regular_022.jpg,lime,regular,regular,train,data\processed\balanced_raw\Regular Quality_Fruits\Lime_Regular\lime_regular_022.jpg,data\splits\train\regular\lime_regular_022.jpg
lime_regular_064.jpg,lime,regular,regular,train,data\processed\balanced_raw\Regular Quality_Fruits\Lime_Regular\lime_regular_064.jpg,data\splits\train\regular\lime_regular_064.jpg
lime_regular_040.jpg,lime,regular,regular,train,data\processed\balanced_raw\Regular Quality_Fruits\Lime_Regular\lime_regular_040.jpg,data\splits\train\regular\lime_regular_040.jpg
lime_regular_035.jpg,lime,regular,regular,train,data\processed\balanced_raw\Regular Quality_Fruits\Lime_Regular\lime_regular_035.jpg,data\splits\train\regular\lime_regular_035.jpg
lime_regular_059.jpg,lime,regular,regular,train,data\processed\balanced_raw\Regular Quality_Fruits\Lime_Regular\lime_regular_059.jpg,data\splits\train\regular\lime_regular_059.jpg
lime_regular_016.jpg,lime,regular,regular,train,data\processed\balanced_raw\Regular Quality_Fruits\Lime_Regular\lime_regular_016.jpg,data\splits\train\regular\lime_regular_016.jpg
lime_regular_014.jpg,lime,regular,regular,train,data\processed\balanced_raw\Regular Quality_Fruits\Lime_Regular\lime_regular_014.jpg,data\splits\train\regular\lime_regular_014.jpg
lime_regular_045.jpg,lime,regular,regular,train,data\processed\balanced_raw\Regular Quality_Fruits\Lime_Regular\lime_regular_045.jpg,data\splits\train\regular\lime_regular_045.jpg
lime_regular_032.jpg,lime,regular,regular,train,data\processed\balanced_raw\Regular Quality_Fruits\Lime_Regular\lime_regular_032.jpg,data\splits\train\regular\lime_regular_032.jpg
lime_regular_025.jpg,lime,regular,regular,train,data\processed\balanced_raw\Regular Quality_Fruits\Lime_Regular\lime_regular_025.jpg,data\splits\train\regular\lime_regular_025.jpg
lime_regular_028.jpg,lime,regular,regular,train,data\processed\balanced_raw\Regular Quality_Fruits\Lime_Regular\lime_regular_028.jpg,data\splits\train\regular\lime_regular_028.jpg
lime_regular_054.jpg,lime,regular,regular,train,data\processed\balanced_raw\Regular Quality_Fruits\Lime_Regular\lime_regular_054.jpg,data\splits\train\regular\lime_regular_054.jpg
lime_regular_015.jpg,lime,regular,regular,train,data\processed\balanced_raw\Regular Quality_Fruits\Lime_Regular\lime_regular_015.jpg,data\splits\train\regular\lime_regular_015.jpg
lime_regular_026.jpg,lime,regular,regular,train,data\processed\balanced_raw\Regular Quality_Fruits\Lime_Regular\lime_regular_026.jpg,data\splits\train\regular\lime_regular_026.jpg
lime_regular_019.jpg,lime,regular,regular,train,data\processed\balanced_raw\Regular Quality_Fruits\Lime_Regular\lime_regular_019.jpg,data\splits\train\regular\lime_regular_019.jpg
lime_regular_037.jpg,lime,regular,regular,train,data\processed\balanced_raw\Regular Quality_Fruits\Lime_Regular\lime_regular_037.jpg,data\splits\train\regular\lime_regular_037.jpg
lime_regular_043.jpg,lime,regular,regular,train,data\processed\balanced_raw\Regular Quality_Fruits\Lime_Regular\lime_regular_043.jpg,data\splits\train\regular\lime_regular_043.jpg
lime_regular_003.jpg,lime,regular,regular,train,data\processed\balanced_raw\Regular Quality_Fruits\Lime_Regular\lime_regular_003.jpg,data\splits\train\regular\lime_regular_003.jpg
lime_regular_021.jpg,lime,regular,regular,train,data\processed\balanced_raw\Regular Quality_Fruits\Lime_Regular\lime_regular_021.jpg,data\splits\train\regular\lime_regular_021.jpg
lime_regular_036.jpg,lime,regular,regular,train,data\processed\balanced_raw\Regular Quality_Fruits\Lime_Regular\lime_regular_036.jpg,data\splits\train\regular\lime_regular_036.jpg
lime_regular_011.jpg,lime,regular,regular,train,data\processed\balanced_raw\Regular Quality_Fruits\Lime_Regular\lime_regular_011.jpg,data\splits\train\regular\lime_regular_011.jpg
lime_regular_046.jpg,lime,regular,regular,train,data\processed\balanced_raw\Regular Quality_Fruits\Lime_Regular\lime_regular_046.jpg,data\splits\train\regular\lime_regular_046.jpg
lime_regular_041.jpg,lime,regular,regular,train,data\processed\balanced_raw\Regular Quality_Fruits\Lime_Regular\lime_regular_041.jpg,data\splits\train\regular\lime_regular_041.jpg
lime_regular_058.jpg,lime,regular,regular,train,data\processed\balanced_raw\Regular Quality_Fruits\Lime_Regular\lime_regular_058.jpg,data\splits\train\regular\lime_regular_058.jpg
lime_regular_027.jpg,lime,regular,regular,train,data\processed\balanced_raw\Regular Quality_Fruits\Lime_Regular\lime_regular_027.jpg,data\splits\train\regular\lime_regular_027.jpg
lime_regular_006.jpg,lime,regular,regular,train,data\processed\balanced_raw\Regular Quality_Fruits\Lime_Regular\lime_regular_006.jpg,data\splits\train\regular\lime_regular_006.jpg
lime_regular_009.jpg,lime,regular,regular,train,data\processed\balanced_raw\Regular Quality_Fruits\Lime_Regular\lime_regular_009.jpg,data\splits\train\regular\lime_regular_009.jpg
lime_regular_051.jpg,lime,regular,regular,train,data\processed\balanced_raw\Regular Quality_Fruits\Lime_Regular\lime_regular_051.jpg,data\splits\train\regular\lime_regular_051.jpg
lime_regular_018.jpg,lime,regular,regular,train,data\processed\balanced_raw\Regular Quality_Fruits\Lime_Regular\lime_regular_018.jpg,data\splits\train\regular\lime_regular_018.jpg
lime_regular_065.jpg,lime,regular,regular,val,data\processed\balanced_raw\Regular Quality_Fruits\Lime_Regular\lime_regular_065.jpg,data\splits\val\regular\lime_regular_065.jpg
lime_regular_013.jpg,lime,regular,regular,val,data\processed\balanced_raw\Regular Quality_Fruits\Lime_Regular\lime_regular_013.jpg,data\splits\val\regular\lime_regular_013.jpg
lime_regular_023.jpg,lime,regular,regular,val,data\processed\balanced_raw\Regular Quality_Fruits\Lime_Regular\lime_regular_023.jpg,data\splits\val\regular\lime_regular_023.jpg
lime_regular_030.jpg,lime,regular,regular,val,data\processed\balanced_raw\Regular Quality_Fruits\Lime_Regular\lime_regular_030.jpg,data\splits\val\regular\lime_regular_030.jpg
lime_regular_052.jpg,lime,regular,regular,val,data\processed\balanced_raw\Regular Quality_Fruits\Lime_Regular\lime_regular_052.jpg,data\splits\val\regular\lime_regular_052.jpg
lime_regular_033.jpg,lime,regular,regular,val,data\processed\balanced_raw\Regular Quality_Fruits\Lime_Regular\lime_regular_033.jpg,data\splits\val\regular\lime_regular_033.jpg
lime_regular_063.jpg,lime,regular,regular,val,data\processed\balanced_raw\Regular Quality_Fruits\Lime_Regular\lime_regular_063.jpg,data\splits\val\regular\lime_regular_063.jpg
lime_regular_039.jpg,lime,regular,regular,val,data\processed\balanced_raw\Regular Quality_Fruits\Lime_Regular\lime_regular_039.jpg,data\splits\val\regular\lime_regular_039.jpg
lime_regular_001.jpg,lime,regular,regular,val,data\processed\balanced_raw\Regular Quality_Fruits\Lime_Regular\lime_regular_001.jpg,data\splits\val\regular\lime_regular_001.jpg
lime_regular_008.jpg,lime,regular,regular,test,data\processed\balanced_raw\Regular Quality_Fruits\Lime_Regular\lime_regular_008.jpg,data\splits\test\regular\lime_regular_008.jpg
lime_regular_034.jpg,lime,regular,regular,test,data\processed\balanced_raw\Regular Quality_Fruits\Lime_Regular\lime_regular_034.jpg,data\splits\test\regular\lime_regular_034.jpg
lime_regular_053.jpg,lime,regular,regular,test,data\processed\balanced_raw\Regular Quality_Fruits\Lime_Regular\lime_regular_053.jpg,data\splits\test\regular\lime_regular_053.jpg
lime_regular_044.jpg,lime,regular,regular,test,data\processed\balanced_raw\Regular Quality_Fruits\Lime_Regular\lime_regular_044.jpg,data\splits\test\regular\lime_regular_044.jpg
lime_regular_010.jpg,lime,regular,regular,test,data\processed\balanced_raw\Regular Quality_Fruits\Lime_Regular\lime_regular_010.jpg,data\splits\test\regular\lime_regular_010.jpg
lime_regular_048.jpg,lime,regular,regular,test,data\processed\balanced_raw\Regular Quality_Fruits\Lime_Regular\lime_regular_048.jpg,data\splits\test\regular\lime_regular_048.jpg
lime_regular_020.jpg,lime,regular,regular,test,data\processed\balanced_raw\Regular Quality_Fruits\Lime_Regular\lime_regular_020.jpg,data\splits\test\regular\lime_regular_020.jpg
lime_regular_038.jpg,lime,regular,regular,test,data\processed\balanced_raw\Regular Quality_Fruits\Lime_Regular\lime_regular_038.jpg,data\splits\test\regular\lime_regular_038.jpg
lime_regular_005.jpg,lime,regular,regular,test,data\processed\balanced_raw\Regular Quality_Fruits\Lime_Regular\lime_regular_005.jpg,data\splits\test\regular\lime_regular_005.jpg
orange_regular_050.jpg,orange,regular,regular,train,data\processed\balanced_raw\Regular Quality_Fruits\Orange_Regular\orange_regular_050.jpg,data\splits\train\regular\orange_regular_050.jpg
orange_regular_083.jpg,orange,regular,regular,train,data\processed\balanced_raw\Regular Quality_Fruits\Orange_Regular\orange_regular_083.jpg,data\splits\train\regular\orange_regular_083.jpg
orange_regular_130.png,orange,regular,regular,train,data\processed\balanced_raw\Regular Quality_Fruits\Orange_Regular\orange_regular_130.png,data\splits\train\regular\orange_regular_130.png
orange_regular_138.png,orange,regular,regular,train,data\processed\balanced_raw\Regular Quality_Fruits\Orange_Regular\orange_regular_138.png,data\splits\train\regular\orange_regular_138.png
orange_regular_097.png,orange,regular,regular,train,data\processed\balanced_raw\Regular Quality_Fruits\Orange_Regular\orange_regular_097.png,data\splits\train\regular\orange_regular_097.png
orange_regular_034.jpg,orange,regular,regular,train,data\processed\balanced_raw\Regular Quality_Fruits\Orange_Regular\orange_regular_034.jpg,data\splits\train\regular\orange_regular_034.jpg
orange_regular_095.jpg,orange,regular,regular,train,data\processed\balanced_raw\Regular Quality_Fruits\Orange_Regular\orange_regular_095.jpg,data\splits\train\regular\orange_regular_095.jpg
orange_regular_030.jpg,orange,regular,regular,train,data\processed\balanced_raw\Regular Quality_Fruits\Orange_Regular\orange_regular_030.jpg,data\splits\train\regular\orange_regular_030.jpg
orange_regular_104.png,orange,regular,regular,train,data\processed\balanced_raw\Regular Quality_Fruits\Orange_Regular\orange_regular_104.png,data\splits\train\regular\orange_regular_104.png
orange_regular_134.png,orange,regular,regular,train,data\processed\balanced_raw\Regular Quality_Fruits\Orange_Regular\orange_regular_134.png,data\splits\train\regular\orange_regular_134.png
orange_regular_017.jpg,orange,regular,regular,train,data\processed\balanced_raw\Regular Quality_Fruits\Orange_Regular\orange_regular_017.jpg,data\splits\train\regular\orange_regular_017.jpg
orange_regular_137.png,orange,regular,regular,train,data\processed\balanced_raw\Regular Quality_Fruits\Orange_Regular\orange_regular_137.png,data\splits\train\regular\orange_regular_137.png
orange_regular_066.jpg,orange,regular,regular,train,data\processed\balanced_raw\Regular Quality_Fruits\Orange_Regular\orange_regular_066.jpg,data\splits\train\regular\orange_regular_066.jpg
orange_regular_105.png,orange,regular,regular,train,data\processed\balanced_raw\Regular Quality_Fruits\Orange_Regular\orange_regular_105.png,data\splits\train\regular\orange_regular_105.png
orange_regular_090.jpg,orange,regular,regular,train,data\processed\balanced_raw\Regular Quality_Fruits\Orange_Regular\orange_regular_090.jpg,data\splits\train\regular\orange_regular_090.jpg
orange_regular_039.jpg,orange,regular,regular,train,data\processed\balanced_raw\Regular Quality_Fruits\Orange_Regular\orange_regular_039.jpg,data\splits\train\regular\orange_regular_039.jpg
orange_regular_023.jpg,orange,regular,regular,train,data\processed\balanced_raw\Regular Quality_Fruits\Orange_Regular\orange_regular_023.jpg,data\splits\train\regular\orange_regular_023.jpg
orange_regular_132.png,orange,regular,regular,train,data\processed\balanced_raw\Regular Quality_Fruits\Orange_Regular\orange_regular_132.png,data\splits\train\regular\orange_regular_132.png
orange_regular_059.jpg,orange,regular,regular,train,data\processed\balanced_raw\Regular Quality_Fruits\Orange_Regular\orange_regular_059.jpg,data\splits\train\regular\orange_regular_059.jpg
orange_regular_055.jpg,orange,regular,regular,train,data\processed\balanced_raw\Regular Quality_Fruits\Orange_Regular\orange_regular_055.jpg,data\splits\train\regular\orange_regular_055.jpg
orange_regular_010.jpg,orange,regular,regular,train,data\processed\balanced_raw\Regular Quality_Fruits\Orange_Regular\orange_regular_010.jpg,data\splits\train\regular\orange_regular_010.jpg
orange_regular_143.png,orange,regular,regular,train,data\processed\balanced_raw\Regular Quality_Fruits\Orange_Regular\orange_regular_143.png,data\splits\train\regular\orange_regular_143.png
orange_regular_135.png,orange,regular,regular,train,data\processed\balanced_raw\Regular Quality_Fruits\Orange_Regular\orange_regular_135.png,data\splits\train\regular\orange_regular_135.png
orange_regular_113.png,orange,regular,regular,train,data\processed\balanced_raw\Regular Quality_Fruits\Orange_Regular\orange_regular_113.png,data\splits\train\regular\orange_regular_113.png
orange_regular_061.jpg,orange,regular,regular,train,data\processed\balanced_raw\Regular Quality_Fruits\Orange_Regular\orange_regular_061.jpg,data\splits\train\regular\orange_regular_061.jpg
orange_regular_047.jpg,orange,regular,regular,train,data\processed\balanced_raw\Regular Quality_Fruits\Orange_Regular\orange_regular_047.jpg,data\splits\train\regular\orange_regular_047.jpg
orange_regular_082.jpg,orange,regular,regular,train,data\processed\balanced_raw\Regular Quality_Fruits\Orange_Regular\orange_regular_082.jpg,data\splits\train\regular\orange_regular_082.jpg
orange_regular_067.jpg,orange,regular,regular,train,data\processed\balanced_raw\Regular Quality_Fruits\Orange_Regular\orange_regular_067.jpg,data\splits\train\regular\orange_regular_067.jpg
orange_regular_016.jpg,orange,regular,regular,train,data\processed\balanced_raw\Regular Quality_Fruits\Orange_Regular\orange_regular_016.jpg,data\splits\train\regular\orange_regular_016.jpg
orange_regular_005.jpg,orange,regular,regular,train,data\processed\balanced_raw\Regular Quality_Fruits\Orange_Regular\orange_regular_005.jpg,data\splits\train\regular\orange_regular_005.jpg
orange_regular_125.png,orange,regular,regular,train,data\processed\balanced_raw\Regular Quality_Fruits\Orange_Regular\orange_regular_125.png,data\splits\train\regular\orange_regular_125.png
orange_regular_084.jpg,orange,regular,regular,train,data\processed\balanced_raw\Regular Quality_Fruits\Orange_Regular\orange_regular_084.jpg,data\splits\train\regular\orange_regular_084.jpg
orange_regular_041.jpg,orange,regular,regular,train,data\processed\balanced_raw\Regular Quality_Fruits\Orange_Regular\orange_regular_041.jpg,data\splits\train\regular\orange_regular_041.jpg
orange_regular_025.jpg,orange,regular,regular,train,data\processed\balanced_raw\Regular Quality_Fruits\Orange_Regular\orange_regular_025.jpg,data\splits\train\regular\orange_regular_025.jpg
orange_regular_099.png,orange,regular,regular,train,data\processed\balanced_raw\Regular Quality_Fruits\Orange_Regular\orange_regular_099.png,data\splits\train\regular\orange_regular_099.png
orange_regular_086.jpg,orange,regular,regular,train,data\processed\balanced_raw\Regular Quality_Fruits\Orange_Regular\orange_regular_086.jpg,data\splits\train\regular\orange_regular_086.jpg
orange_regular_022.jpg,orange,regular,regular,train,data\processed\balanced_raw\Regular Quality_Fruits\Orange_Regular\orange_regular_022.jpg,data\splits\train\regular\orange_regular_022.jpg
orange_regular_073.jpg,orange,regular,regular,train,data\processed\balanced_raw\Regular Quality_Fruits\Orange_Regular\orange_regular_073.jpg,data\splits\train\regular\orange_regular_073.jpg
orange_regular_033.jpg,orange,regular,regular,train,data\processed\balanced_raw\Regular Quality_Fruits\Orange_Regular\orange_regular_033.jpg,data\splits\train\regular\orange_regular_033.jpg
orange_regular_093.jpg,orange,regular,regular,train,data\processed\balanced_raw\Regular Quality_Fruits\Orange_Regular\orange_regular_093.jpg,data\splits\train\regular\orange_regular_093.jpg
orange_regular_040.jpg,orange,regular,regular,train,data\processed\balanced_raw\Regular Quality_Fruits\Orange_Regular\orange_regular_040.jpg,data\splits\train\regular\orange_regular_040.jpg
orange_regular_122.png,orange,regular,regular,train,data\processed\balanced_raw\Regular Quality_Fruits\Orange_Regular\orange_regular_122.png,data\splits\train\regular\orange_regular_122.png
orange_regular_139.png,orange,regular,regular,val,data\processed\balanced_raw\Regular Quality_Fruits\Orange_Regular\orange_regular_139.png,data\splits\val\regular\orange_regular_139.png
orange_regular_079.jpg,orange,regular,regular,val,data\processed\balanced_raw\Regular Quality_Fruits\Orange_Regular\orange_regular_079.jpg,data\splits\val\regular\orange_regular_079.jpg
orange_regular_133.png,orange,regular,regular,val,data\processed\balanced_raw\Regular Quality_Fruits\Orange_Regular\orange_regular_133.png,data\splits\val\regular\orange_regular_133.png
orange_regular_114.png,orange,regular,regular,val,data\processed\balanced_raw\Regular Quality_Fruits\Orange_Regular\orange_regular_114.png,data\splits\val\regular\orange_regular_114.png
orange_regular_110.png,orange,regular,regular,val,data\processed\balanced_raw\Regular Quality_Fruits\Orange_Regular\orange_regular_110.png,data\splits\val\regular\orange_regular_110.png
orange_regular_128.png,orange,regular,regular,val,data\processed\balanced_raw\Regular Quality_Fruits\Orange_Regular\orange_regular_128.png,data\splits\val\regular\orange_regular_128.png
orange_regular_037.jpg,orange,regular,regular,val,data\processed\balanced_raw\Regular Quality_Fruits\Orange_Regular\orange_regular_037.jpg,data\splits\val\regular\orange_regular_037.jpg
orange_regular_008.jpg,orange,regular,regular,val,data\processed\balanced_raw\Regular Quality_Fruits\Orange_Regular\orange_regular_008.jpg,data\splits\val\regular\orange_regular_008.jpg
orange_regular_046.jpg,orange,regular,regular,val,data\processed\balanced_raw\Regular Quality_Fruits\Orange_Regular\orange_regular_046.jpg,data\splits\val\regular\orange_regular_046.jpg
orange_regular_081.jpg,orange,regular,regular,test,data\processed\balanced_raw\Regular Quality_Fruits\Orange_Regular\orange_regular_081.jpg,data\splits\test\regular\orange_regular_081.jpg
orange_regular_094.jpg,orange,regular,regular,test,data\processed\balanced_raw\Regular Quality_Fruits\Orange_Regular\orange_regular_094.jpg,data\splits\test\regular\orange_regular_094.jpg
orange_regular_108.png,orange,regular,regular,test,data\processed\balanced_raw\Regular Quality_Fruits\Orange_Regular\orange_regular_108.png,data\splits\test\regular\orange_regular_108.png
orange_regular_074.jpg,orange,regular,regular,test,data\processed\balanced_raw\Regular Quality_Fruits\Orange_Regular\orange_regular_074.jpg,data\splits\test\regular\orange_regular_074.jpg
orange_regular_068.jpg,orange,regular,regular,test,data\processed\balanced_raw\Regular Quality_Fruits\Orange_Regular\orange_regular_068.jpg,data\splits\test\regular\orange_regular_068.jpg
orange_regular_001.jpg,orange,regular,regular,test,data\processed\balanced_raw\Regular Quality_Fruits\Orange_Regular\orange_regular_001.jpg,data\splits\test\regular\orange_regular_001.jpg
orange_regular_028.jpg,orange,regular,regular,test,data\processed\balanced_raw\Regular Quality_Fruits\Orange_Regular\orange_regular_028.jpg,data\splits\test\regular\orange_regular_028.jpg
orange_regular_013.jpg,orange,regular,regular,test,data\processed\balanced_raw\Regular Quality_Fruits\Orange_Regular\orange_regular_013.jpg,data\splits\test\regular\orange_regular_013.jpg
orange_regular_087.jpg,orange,regular,regular,test,data\processed\balanced_raw\Regular Quality_Fruits\Orange_Regular\orange_regular_087.jpg,data\splits\test\regular\orange_regular_087.jpg
pomegranate_regular_037.png,pomegranate,regular,regular,train,data\processed\balanced_raw\Regular Quality_Fruits\Pomegranate_Regular\pomegranate_regular_037.png,data\splits\train\regular\pomegranate_regular_037.png
pomegranate_regular_086.png,pomegranate,regular,regular,train,data\processed\balanced_raw\Regular Quality_Fruits\Pomegranate_Regular\pomegranate_regular_086.png,data\splits\train\regular\pomegranate_regular_086.png
pomegranate_regular_082.png,pomegranate,regular,regular,train,data\processed\balanced_raw\Regular Quality_Fruits\Pomegranate_Regular\pomegranate_regular_082.png,data\splits\train\regular\pomegranate_regular_082.png
pomegranate_regular_092.png,pomegranate,regular,regular,train,data\processed\balanced_raw\Regular Quality_Fruits\Pomegranate_Regular\pomegranate_regular_092.png,data\splits\train\regular\pomegranate_regular_092.png
pomegranate_regular_059.png,pomegranate,regular,regular,train,data\processed\balanced_raw\Regular Quality_Fruits\Pomegranate_Regular\pomegranate_regular_059.png,data\splits\train\regular\pomegranate_regular_059.png
pomegranate_regular_076.png,pomegranate,regular,regular,train,data\processed\balanced_raw\Regular Quality_Fruits\Pomegranate_Regular\pomegranate_regular_076.png,data\splits\train\regular\pomegranate_regular_076.png
pomegranate_regular_027.png,pomegranate,regular,regular,train,data\processed\balanced_raw\Regular Quality_Fruits\Pomegranate_Regular\pomegranate_regular_027.png,data\splits\train\regular\pomegranate_regular_027.png
pomegranate_regular_007.png,pomegranate,regular,regular,train,data\processed\balanced_raw\Regular Quality_Fruits\Pomegranate_Regular\pomegranate_regular_007.png,data\splits\train\regular\pomegranate_regular_007.png
pomegranate_regular_066.png,pomegranate,regular,regular,train,data\processed\balanced_raw\Regular Quality_Fruits\Pomegranate_Regular\pomegranate_regular_066.png,data\splits\train\regular\pomegranate_regular_066.png
pomegranate_regular_132.png,pomegranate,regular,regular,train,data\processed\balanced_raw\Regular Quality_Fruits\Pomegranate_Regular\pomegranate_regular_132.png,data\splits\train\regular\pomegranate_regular_132.png
pomegranate_regular_107.png,pomegranate,regular,regular,train,data\processed\balanced_raw\Regular Quality_Fruits\Pomegranate_Regular\pomegranate_regular_107.png,data\splits\train\regular\pomegranate_regular_107.png
pomegranate_regular_070.png,pomegranate,regular,regular,train,data\processed\balanced_raw\Regular Quality_Fruits\Pomegranate_Regular\pomegranate_regular_070.png,data\splits\train\regular\pomegranate_regular_070.png
pomegranate_regular_012.png,pomegranate,regular,regular,train,data\processed\balanced_raw\Regular Quality_Fruits\Pomegranate_Regular\pomegranate_regular_012.png,data\splits\train\regular\pomegranate_regular_012.png
pomegranate_regular_049.png,pomegranate,regular,regular,train,data\processed\balanced_raw\Regular Quality_Fruits\Pomegranate_Regular\pomegranate_regular_049.png,data\splits\train\regular\pomegranate_regular_049.png
pomegranate_regular_014.png,pomegranate,regular,regular,train,data\processed\balanced_raw\Regular Quality_Fruits\Pomegranate_Regular\pomegranate_regular_014.png,data\splits\train\regular\pomegranate_regular_014.png
pomegranate_regular_098.png,pomegranate,regular,regular,train,data\processed\balanced_raw\Regular Quality_Fruits\Pomegranate_Regular\pomegranate_regular_098.png,data\splits\train\regular\pomegranate_regular_098.png
pomegranate_regular_075.png,pomegranate,regular,regular,train,data\processed\balanced_raw\Regular Quality_Fruits\Pomegranate_Regular\pomegranate_regular_075.png,data\splits\train\regular\pomegranate_regular_075.png
pomegranate_regular_004.png,pomegranate,regular,regular,train,data\processed\balanced_raw\Regular Quality_Fruits\Pomegranate_Regular\pomegranate_regular_004.png,data\splits\train\regular\pomegranate_regular_004.png
pomegranate_regular_020.png,pomegranate,regular,regular,train,data\processed\balanced_raw\Regular Quality_Fruits\Pomegranate_Regular\pomegranate_regular_020.png,data\splits\train\regular\pomegranate_regular_020.png
pomegranate_regular_083.png,pomegranate,regular,regular,train,data\processed\balanced_raw\Regular Quality_Fruits\Pomegranate_Regular\pomegranate_regular_083.png,data\splits\train\regular\pomegranate_regular_083.png
pomegranate_regular_100.png,pomegranate,regular,regular,train,data\processed\balanced_raw\Regular Quality_Fruits\Pomegranate_Regular\pomegranate_regular_100.png,data\splits\train\regular\pomegranate_regular_100.png
pomegranate_regular_002.png,pomegranate,regular,regular,train,data\processed\balanced_raw\Regular Quality_Fruits\Pomegranate_Regular\pomegranate_regular_002.png,data\splits\train\regular\pomegranate_regular_002.png
pomegranate_regular_030.png,pomegranate,regular,regular,train,data\processed\balanced_raw\Regular Quality_Fruits\Pomegranate_Regular\pomegranate_regular_030.png,data\splits\train\regular\pomegranate_regular_030.png
pomegranate_regular_019.png,pomegranate,regular,regular,train,data\processed\balanced_raw\Regular Quality_Fruits\Pomegranate_Regular\pomegranate_regular_019.png,data\splits\train\regular\pomegranate_regular_019.png
pomegranate_regular_052.png,pomegranate,regular,regular,train,data\processed\balanced_raw\Regular Quality_Fruits\Pomegranate_Regular\pomegranate_regular_052.png,data\splits\train\regular\pomegranate_regular_052.png
pomegranate_regular_006.png,pomegranate,regular,regular,train,data\processed\balanced_raw\Regular Quality_Fruits\Pomegranate_Regular\pomegranate_regular_006.png,data\splits\train\regular\pomegranate_regular_006.png
pomegranate_regular_101.png,pomegranate,regular,regular,train,data\processed\balanced_raw\Regular Quality_Fruits\Pomegranate_Regular\pomegranate_regular_101.png,data\splits\train\regular\pomegranate_regular_101.png
pomegranate_regular_013.png,pomegranate,regular,regular,train,data\processed\balanced_raw\Regular Quality_Fruits\Pomegranate_Regular\pomegranate_regular_013.png,data\splits\train\regular\pomegranate_regular_013.png
pomegranate_regular_118.png,pomegranate,regular,regular,train,data\processed\balanced_raw\Regular Quality_Fruits\Pomegranate_Regular\pomegranate_regular_118.png,data\splits\train\regular\pomegranate_regular_118.png
pomegranate_regular_069.png,pomegranate,regular,regular,train,data\processed\balanced_raw\Regular Quality_Fruits\Pomegranate_Regular\pomegranate_regular_069.png,data\splits\train\regular\pomegranate_regular_069.png
pomegranate_regular_024.png,pomegranate,regular,regular,train,data\processed\balanced_raw\Regular Quality_Fruits\Pomegranate_Regular\pomegranate_regular_024.png,data\splits\train\regular\pomegranate_regular_024.png
pomegranate_regular_130.png,pomegranate,regular,regular,train,data\processed\balanced_raw\Regular Quality_Fruits\Pomegranate_Regular\pomegranate_regular_130.png,data\splits\train\regular\pomegranate_regular_130.png
pomegranate_regular_053.png,pomegranate,regular,regular,train,data\processed\balanced_raw\Regular Quality_Fruits\Pomegranate_Regular\pomegranate_regular_053.png,data\splits\train\regular\pomegranate_regular_053.png
pomegranate_regular_035.png,pomegranate,regular,regular,train,data\processed\balanced_raw\Regular Quality_Fruits\Pomegranate_Regular\pomegranate_regular_035.png,data\splits\train\regular\pomegranate_regular_035.png
pomegranate_regular_090.png,pomegranate,regular,regular,train,data\processed\balanced_raw\Regular Quality_Fruits\Pomegranate_Regular\pomegranate_regular_090.png,data\splits\train\regular\pomegranate_regular_090.png
pomegranate_regular_106.png,pomegranate,regular,regular,train,data\processed\balanced_raw\Regular Quality_Fruits\Pomegranate_Regular\pomegranate_regular_106.png,data\splits\train\regular\pomegranate_regular_106.png
pomegranate_regular_091.png,pomegranate,regular,regular,train,data\processed\balanced_raw\Regular Quality_Fruits\Pomegranate_Regular\pomegranate_regular_091.png,data\splits\train\regular\pomegranate_regular_091.png
pomegranate_regular_015.png,pomegranate,regular,regular,train,data\processed\balanced_raw\Regular Quality_Fruits\Pomegranate_Regular\pomegranate_regular_015.png,data\splits\train\regular\pomegranate_regular_015.png
pomegranate_regular_011.png,pomegranate,regular,regular,train,data\processed\balanced_raw\Regular Quality_Fruits\Pomegranate_Regular\pomegranate_regular_011.png,data\splits\train\regular\pomegranate_regular_011.png
pomegranate_regular_039.png,pomegranate,regular,regular,train,data\processed\balanced_raw\Regular Quality_Fruits\Pomegranate_Regular\pomegranate_regular_039.png,data\splits\train\regular\pomegranate_regular_039.png
pomegranate_regular_043.png,pomegranate,regular,regular,train,data\processed\balanced_raw\Regular Quality_Fruits\Pomegranate_Regular\pomegranate_regular_043.png,data\splits\train\regular\pomegranate_regular_043.png
pomegranate_regular_054.png,pomegranate,regular,regular,train,data\processed\balanced_raw\Regular Quality_Fruits\Pomegranate_Regular\pomegranate_regular_054.png,data\splits\train\regular\pomegranate_regular_054.png
pomegranate_regular_047.png,pomegranate,regular,regular,val,data\processed\balanced_raw\Regular Quality_Fruits\Pomegranate_Regular\pomegranate_regular_047.png,data\splits\val\regular\pomegranate_regular_047.png
pomegranate_regular_114.png,pomegranate,regular,regular,val,data\processed\balanced_raw\Regular Quality_Fruits\Pomegranate_Regular\pomegranate_regular_114.png,data\splits\val\regular\pomegranate_regular_114.png
pomegranate_regular_010.png,pomegranate,regular,regular,val,data\processed\balanced_raw\Regular Quality_Fruits\Pomegranate_Regular\pomegranate_regular_010.png,data\splits\val\regular\pomegranate_regular_010.png
pomegranate_regular_062.png,pomegranate,regular,regular,val,data\processed\balanced_raw\Regular Quality_Fruits\Pomegranate_Regular\pomegranate_regular_062.png,data\splits\val\regular\pomegranate_regular_062.png
pomegranate_regular_080.png,pomegranate,regular,regular,val,data\processed\balanced_raw\Regular Quality_Fruits\Pomegranate_Regular\pomegranate_regular_080.png,data\splits\val\regular\pomegranate_regular_080.png
pomegranate_regular_055.png,pomegranate,regular,regular,val,data\processed\balanced_raw\Regular Quality_Fruits\Pomegranate_Regular\pomegranate_regular_055.png,data\splits\val\regular\pomegranate_regular_055.png
pomegranate_regular_074.png,pomegranate,regular,regular,val,data\processed\balanced_raw\Regular Quality_Fruits\Pomegranate_Regular\pomegranate_regular_074.png,data\splits\val\regular\pomegranate_regular_074.png
pomegranate_regular_115.png,pomegranate,regular,regular,val,data\processed\balanced_raw\Regular Quality_Fruits\Pomegranate_Regular\pomegranate_regular_115.png,data\splits\val\regular\pomegranate_regular_115.png
pomegranate_regular_032.png,pomegranate,regular,regular,val,data\processed\balanced_raw\Regular Quality_Fruits\Pomegranate_Regular\pomegranate_regular_032.png,data\splits\val\regular\pomegranate_regular_032.png
pomegranate_regular_056.png,pomegranate,regular,regular,test,data\processed\balanced_raw\Regular Quality_Fruits\Pomegranate_Regular\pomegranate_regular_056.png,data\splits\test\regular\pomegranate_regular_056.png
pomegranate_regular_081.png,pomegranate,regular,regular,test,data\processed\balanced_raw\Regular Quality_Fruits\Pomegranate_Regular\pomegranate_regular_081.png,data\splits\test\regular\pomegranate_regular_081.png
pomegranate_regular_067.png,pomegranate,regular,regular,test,data\processed\balanced_raw\Regular Quality_Fruits\Pomegranate_Regular\pomegranate_regular_067.png,data\splits\test\regular\pomegranate_regular_067.png
pomegranate_regular_060.png,pomegranate,regular,regular,test,data\processed\balanced_raw\Regular Quality_Fruits\Pomegranate_Regular\pomegranate_regular_060.png,data\splits\test\regular\pomegranate_regular_060.png
pomegranate_regular_016.png,pomegranate,regular,regular,test,data\processed\balanced_raw\Regular Quality_Fruits\Pomegranate_Regular\pomegranate_regular_016.png,data\splits\test\regular\pomegranate_regular_016.png
pomegranate_regular_128.png,pomegranate,regular,regular,test,data\processed\balanced_raw\Regular Quality_Fruits\Pomegranate_Regular\pomegranate_regular_128.png,data\splits\test\regular\pomegranate_regular_128.png
pomegranate_regular_093.png,pomegranate,regular,regular,test,data\processed\balanced_raw\Regular Quality_Fruits\Pomegranate_Regular\pomegranate_regular_093.png,data\splits\test\regular\pomegranate_regular_093.png
pomegranate_regular_005.png,pomegranate,regular,regular,test,data\processed\balanced_raw\Regular Quality_Fruits\Pomegranate_Regular\pomegranate_regular_005.png,data\splits\test\regular\pomegranate_regular_005.png
pomegranate_regular_073.png,pomegranate,regular,regular,test,data\processed\balanced_raw\Regular Quality_Fruits\Pomegranate_Regular\pomegranate_regular_073.png,data\splits\test\regular\pomegranate_regular_073.png
